States,States Code,Year,Year Code,Sex,Sex Code,Race,Race Code,Cancer Sites,Cancer Sites Code,Count,Population,Crude Rate
Alabama,1,2006,2006,Female,F,Black or African American,2054-5,Lung and Bronchus,22030,236,657654,35.9
Alabama,1,2006,2006,Female,F,White,2106-3,Larynx,22020,44,1685050,2.6
Alabama,1,2006,2006,Female,F,White,2106-3,Lung and Bronchus,22030,1239,1685050,73.5
Alabama,1,2006,2006,Male,M,Black or African American,2054-5,Larynx,22020,71,572880,12.4
Alabama,1,2006,2006,Male,M,Black or African American,2054-5,Lung and Bronchus,22030,433,572880,75.6
Alabama,1,2006,2006,Male,M,White,2106-3,"Nose, Nasal Cavity and Middle Ear",22010,21,1629110,1.3
Alabama,1,2006,2006,Male,M,White,2106-3,Larynx,22020,146,1629110,9
Alabama,1,2006,2006,Male,M,White,2106-3,Lung and Bronchus,22030,1899,1629110,116.6
Alaska,2,2006,2006,Female,F,American Indian or Alaska Native,1002-5,Lung and Bronchus,22030,28,57260,48.9
Alaska,2,2006,2006,Female,F,White,2106-3,Lung and Bronchus,22030,115,231903,49.6
Alaska,2,2006,2006,Male,M,American Indian or Alaska Native,1002-5,Lung and Bronchus,22030,33,58361,56.5
Alaska,2,2006,2006,Male,M,White,2106-3,Larynx,22020,16,256051,6.2
Alaska,2,2006,2006,Male,M,White,2106-3,Lung and Bronchus,22030,154,256051,60.1
Arizona,4,2006,2006,Female,F,Asian or Pacific Islander,A-PI,Lung and Bronchus,22030,18,96907,18.6
Arizona,4,2006,2006,Female,F,Black or African American,2054-5,Lung and Bronchus,22030,45,125561,35.8
Arizona,4,2006,2006,Female,F,White,2106-3,"Nose, Nasal Cavity and Middle Ear",22010,19,2637738,0.7
Arizona,4,2006,2006,Female,F,White,2106-3,Larynx,22020,30,2637738,1.1
Arizona,4,2006,2006,Female,F,White,2106-3,Lung and Bronchus,22030,1590,2637738,60.3
Arizona,4,2006,2006,Male,M,American Indian or Alaska Native,1002-5,Lung and Bronchus,22030,17,161130,10.6
Arizona,4,2006,2006,Male,M,Asian or Pacific Islander,A-PI,Lung and Bronchus,22030,16,87548,18.3
Arizona,4,2006,2006,Male,M,Black or African American,2054-5,Lung and Bronchus,22030,36,136589,26.4
Arizona,4,2006,2006,Male,M,White,2106-3,"Nose, Nasal Cavity and Middle Ear",22010,19,2617740,0.7
Arizona,4,2006,2006,Male,M,White,2106-3,Larynx,22020,131,2617740,5
Arizona,4,2006,2006,Male,M,White,2106-3,Lung and Bronchus,22030,1784,2617740,68.2
Arkansas,5,2006,2006,Female,F,Black or African American,2054-5,Lung and Bronchus,22030,92,236691,38.9
Arkansas,5,2006,2006,Female,F,White,2106-3,Larynx,22020,34,1169326,2.9
Arkansas,5,2006,2006,Female,F,White,2106-3,Lung and Bronchus,22030,932,1169326,79.7
Arkansas,5,2006,2006,Male,M,Black or African American,2054-5,Larynx,22020,16,213691,7.5
Arkansas,5,2006,2006,Male,M,Black or African American,2054-5,Lung and Bronchus,22030,160,213691,74.9
Arkansas,5,2006,2006,Male,M,White,2106-3,Larynx,22020,114,1139123,10
Arkansas,5,2006,2006,Male,M,White,2106-3,Lung and Bronchus,22030,1299,1139123,114
California,6,2006,2006,Female,F,American Indian or Alaska Native,1002-5,Lung and Bronchus,22030,34,301998,11.3
California,6,2006,2006,Female,F,Asian or Pacific Islander,A-PI,Lung and Bronchus,22030,693,2615741,26.5
California,6,2006,2006,Female,F,Black or African American,2054-5,Larynx,22020,16,1333724,1.2
California,6,2006,2006,Female,F,Black or African American,2054-5,Lung and Bronchus,22030,618,1333724,46.3
California,6,2006,2006,Female,F,White,2106-3,"Nose, Nasal Cavity and Middle Ear",22010,73,13846008,0.5
California,6,2006,2006,Female,F,White,2106-3,Larynx,22020,142,13846008,1
California,6,2006,2006,Female,F,White,2106-3,Lung and Bronchus,22030,7119,13846008,51.4
California,6,2006,2006,Female,F,White,2106-3,"Trachea, Mediastinum and Other Respiratory Organs",22060,17,13846008,0.1
California,6,2006,2006,Male,M,American Indian or Alaska Native,1002-5,Lung and Bronchus,22030,33,305310,10.8
California,6,2006,2006,Male,M,Asian or Pacific Islander,A-PI,"Nose, Nasal Cavity and Middle Ear",22010,20,2397633,0.8
California,6,2006,2006,Male,M,Asian or Pacific Islander,A-PI,Larynx,22020,42,2397633,1.8
California,6,2006,2006,Male,M,Asian or Pacific Islander,A-PI,Lung and Bronchus,22030,960,2397633,40
California,6,2006,2006,Male,M,Black or African American,2054-5,Larynx,22020,81,1293213,6.3
California,6,2006,2006,Male,M,Black or African American,2054-5,Lung and Bronchus,22030,768,1293213,59.4
California,6,2006,2006,Male,M,White,2106-3,"Nose, Nasal Cavity and Middle Ear",22010,117,13927575,0.8
California,6,2006,2006,Male,M,White,2106-3,Larynx,22020,579,13927575,4.2
California,6,2006,2006,Male,M,White,2106-3,Lung and Bronchus,22030,7349,13927575,52.8
California,6,2006,2006,Male,M,White,2106-3,"Trachea, Mediastinum and Other Respiratory Organs",22060,34,13927575,0.2
Colorado,8,2006,2006,Female,F,Black or African American,2054-5,Lung and Bronchus,22030,31,105035,29.5
Colorado,8,2006,2006,Female,F,White,2106-3,Larynx,22020,24,2131843,1.1
Colorado,8,2006,2006,Female,F,White,2106-3,Lung and Bronchus,22030,937,2131843,44
Colorado,8,2006,2006,Male,M,Asian or Pacific Islander,A-PI,Lung and Bronchus,22030,19,68885,27.6
Colorado,8,2006,2006,Male,M,Black or African American,2054-5,Lung and Bronchus,22030,40,113775,35.2
Colorado,8,2006,2006,Male,M,White,2106-3,Larynx,22020,88,2146621,4.1
Colorado,8,2006,2006,Male,M,White,2106-3,Lung and Bronchus,22030,980,2146621,45.7
Connecticut,9,2006,2006,Female,F,Black or African American,2054-5,Lung and Bronchus,22030,68,203100,33.5
Connecticut,9,2006,2006,Female,F,White,2106-3,Larynx,22020,34,1529847,2.2
Connecticut,9,2006,2006,Female,F,White,2106-3,Lung and Bronchus,22030,1306,1529847,85.4
Connecticut,9,2006,2006,Male,M,Asian or Pacific Islander,A-PI,Lung and Bronchus,22030,17,63964,26.6
Connecticut,9,2006,2006,Male,M,Black or African American,2054-5,Lung and Bronchus,22030,94,185020,50.8
Connecticut,9,2006,2006,Male,M,White,2106-3,Larynx,22020,104,1452267,7.2
Connecticut,9,2006,2006,Male,M,White,2106-3,Lung and Bronchus,22030,1212,1452267,83.5
Delaware,10,2006,2006,Female,F,Black or African American,2054-5,Lung and Bronchus,22030,56,98606,56.8
Delaware,10,2006,2006,Female,F,White,2106-3,Lung and Bronchus,22030,335,327765,102.2
Delaware,10,2006,2006,Male,M,Black or African American,2054-5,Lung and Bronchus,22030,61,88542,68.9
Delaware,10,2006,2006,Male,M,White,2106-3,Larynx,22020,26,312288,8.3
Delaware,10,2006,2006,Male,M,White,2106-3,Lung and Bronchus,22030,353,312288,113
District of Columbia,11,2006,2006,Female,F,Black or African American,2054-5,Lung and Bronchus,22030,121,177627,68.1
District of Columbia,11,2006,2006,Female,F,White,2106-3,Lung and Bronchus,22030,40,110139,36.3
District of Columbia,11,2006,2006,Male,M,Black or African American,2054-5,Lung and Bronchus,22030,136,147437,92.2
District of Columbia,11,2006,2006,Male,M,White,2106-3,Lung and Bronchus,22030,48,111125,43.2
Florida,12,2006,2006,Female,F,Asian or Pacific Islander,A-PI,Lung and Bronchus,22030,55,252195,21.8
Florida,12,2006,2006,Female,F,Black or African American,2054-5,Lung and Bronchus,22030,420,1540166,27.3
Florida,12,2006,2006,Female,F,White,2106-3,"Nose, Nasal Cavity and Middle Ear",22010,59,7444486,0.8
Florida,12,2006,2006,Female,F,White,2106-3,Larynx,22020,184,7444486,2.5
Florida,12,2006,2006,Female,F,White,2106-3,Lung and Bronchus,22030,6839,7444486,91.9
Florida,12,2006,2006,Female,F,Other Races and Unknown combined,2131-1,Lung and Bronchus,22030,49,Not Applicable,Not Applicable
Florida,12,2006,2006,Male,M,Asian or Pacific Islander,A-PI,Lung and Bronchus,22030,42,221345,19
Florida,12,2006,2006,Male,M,Black or African American,2054-5,"Nose, Nasal Cavity and Middle Ear",22010,19,1429084,1.3
Florida,12,2006,2006,Male,M,Black or African American,2054-5,Larynx,22020,99,1429084,6.9
Florida,12,2006,2006,Male,M,Black or African American,2054-5,Lung and Bronchus,22030,807,1429084,56.5
Florida,12,2006,2006,Male,M,White,2106-3,"Nose, Nasal Cavity and Middle Ear",22010,85,7189757,1.2
Florida,12,2006,2006,Male,M,White,2106-3,Larynx,22020,763,7189757,10.6
Florida,12,2006,2006,Male,M,White,2106-3,Lung and Bronchus,22030,8209,7189757,114.2
Florida,12,2006,2006,Male,M,White,2106-3,"Trachea, Mediastinum and Other Respiratory Organs",22060,24,7189757,0.3
Florida,12,2006,2006,Male,M,Other Races and Unknown combined,2131-1,Lung and Bronchus,22030,48,Not Applicable,Not Applicable
Georgia,13,2006,2006,Female,F,Asian or Pacific Islander,A-PI,Lung and Bronchus,22030,23,149936,15.3
Georgia,13,2006,2006,Female,F,Black or African American,2054-5,Lung and Bronchus,22030,455,1487254,30.6
Georgia,13,2006,2006,Female,F,White,2106-3,Larynx,22020,54,3013099,1.8
Georgia,13,2006,2006,Female,F,White,2106-3,Lung and Bronchus,22030,2002,3013099,66.4
Georgia,13,2006,2006,Male,M,Asian or Pacific Islander,A-PI,Lung and Bronchus,22030,24,143194,16.8
Georgia,13,2006,2006,Male,M,Black or African American,2054-5,Larynx,22020,118,1318673,8.9
Georgia,13,2006,2006,Male,M,Black or African American,2054-5,Lung and Bronchus,22030,708,1318673,53.7
Georgia,13,2006,2006,Male,M,White,2106-3,"Nose, Nasal Cavity and Middle Ear",22010,26,3001381,0.9
Georgia,13,2006,2006,Male,M,White,2106-3,Larynx,22020,217,3001381,7.2
Georgia,13,2006,2006,Male,M,White,2106-3,Lung and Bronchus,22030,2657,3001381,88.5
Hawaii,15,2006,2006,Female,F,Asian or Pacific Islander,A-PI,Lung and Bronchus,22030,209,487072,42.9
Hawaii,15,2006,2006,Female,F,White,2106-3,Lung and Bronchus,22030,107,148470,72.1
Hawaii,15,2006,2006,Male,M,Asian or Pacific Islander,A-PI,Larynx,22020,20,461317,4.3
Hawaii,15,2006,2006,Male,M,Asian or Pacific Islander,A-PI,Lung and Bronchus,22030,309,461317,67
Hawaii,15,2006,2006,Male,M,White,2106-3,Lung and Bronchus,22030,116,173189,67
Idaho,16,2006,2006,Female,F,White,2106-3,Lung and Bronchus,22030,373,702170,53.1
Idaho,16,2006,2006,Male,M,White,2106-3,Larynx,22020,34,706286,4.8
Idaho,16,2006,2006,Male,M,White,2106-3,Lung and Bronchus,22030,407,706286,57.6
Illinois,17,2006,2006,Female,F,Asian or Pacific Islander,A-PI,Lung and Bronchus,22030,47,294565,16
Illinois,17,2006,2006,Female,F,Black or African American,2054-5,Larynx,22020,19,1032676,1.8
Illinois,17,2006,2006,Female,F,Black or African American,2054-5,Lung and Bronchus,22030,629,1032676,60.9
Illinois,17,2006,2006,Female,F,White,2106-3,"Nose, Nasal Cavity and Middle Ear",22010,36,5079323,0.7
Illinois,17,2006,2006,Female,F,White,2106-3,Larynx,22020,76,5079323,1.5
Illinois,17,2006,2006,Female,F,White,2106-3,Lung and Bronchus,22030,3654,5079323,71.9
Illinois,17,2006,2006,Male,M,Asian or Pacific Islander,A-PI,Lung and Bronchus,22030,77,279538,27.5
Illinois,17,2006,2006,Male,M,Black or African American,2054-5,Larynx,22020,72,915160,7.9
Illinois,17,2006,2006,Male,M,Black or African American,2054-5,Lung and Bronchus,22030,727,915160,79.4
Illinois,17,2006,2006,Male,M,White,2106-3,"Nose, Nasal Cavity and Middle Ear",22010,43,4975113,0.9
Illinois,17,2006,2006,Male,M,White,2106-3,Larynx,22020,356,4975113,7.2
Illinois,17,2006,2006,Male,M,White,2106-3,Lung and Bronchus,22030,4130,4975113,83
Indiana,18,2006,2006,Female,F,Black or African American,2054-5,Lung and Bronchus,22030,174,311695,55.8
Indiana,18,2006,2006,Female,F,White,2106-3,Larynx,22020,61,2843846,2.1
Indiana,18,2006,2006,Female,F,White,2106-3,Lung and Bronchus,22030,2242,2843846,78.8
Indiana,18,2006,2006,Male,M,Black or African American,2054-5,Larynx,22020,18,288673,6.2
Indiana,18,2006,2006,Male,M,Black or African American,2054-5,Lung and Bronchus,22030,188,288673,65.1
Indiana,18,2006,2006,Male,M,White,2106-3,"Nose, Nasal Cavity and Middle Ear",22010,26,2764585,0.9
Indiana,18,2006,2006,Male,M,White,2106-3,Larynx,22020,216,2764585,7.8
Indiana,18,2006,2006,Male,M,White,2106-3,Lung and Bronchus,22030,2661,2764585,96.3
Iowa,19,2006,2006,Female,F,White,2106-3,Larynx,22020,26,1435786,1.8
Iowa,19,2006,2006,Female,F,White,2106-3,Lung and Bronchus,22030,995,1435786,69.3
Iowa,19,2006,2006,Male,M,Black or African American,2054-5,Lung and Bronchus,22030,29,47146,61.5
Iowa,19,2006,2006,Male,M,White,2106-3,Larynx,22020,111,1392522,8
Iowa,19,2006,2006,Male,M,White,2106-3,Lung and Bronchus,22030,1337,1392522,96
Kansas,20,2006,2006,Female,F,Black or African American,2054-5,Lung and Bronchus,22030,44,88889,49.5
Kansas,20,2006,2006,Female,F,White,2106-3,Lung and Bronchus,22030,800,1252316,63.9
Kansas,20,2006,2006,Male,M,Black or African American,2054-5,Lung and Bronchus,22030,42,91620,45.8
Kansas,20,2006,2006,Male,M,White,2106-3,Larynx,22020,77,1226076,6.3
Kansas,20,2006,2006,Male,M,White,2106-3,Lung and Bronchus,22030,967,1226076,78.9
Kentucky,21,2006,2006,Female,F,Black or African American,2054-5,Lung and Bronchus,22030,117,172496,67.8
Kentucky,21,2006,2006,Female,F,White,2106-3,"Nose, Nasal Cavity and Middle Ear",22010,18,1945648,0.9
Kentucky,21,2006,2006,Female,F,White,2106-3,Larynx,22020,69,1945648,3.5
Kentucky,21,2006,2006,Female,F,White,2106-3,Lung and Bronchus,22030,1866,1945648,95.9
Kentucky,21,2006,2006,Male,M,Black or African American,2054-5,Lung and Bronchus,22030,144,167240,86.1
Kentucky,21,2006,2006,Male,M,White,2106-3,"Nose, Nasal Cavity and Middle Ear",22010,21,1873675,1.1
Kentucky,21,2006,2006,Male,M,White,2106-3,Larynx,22020,189,1873675,10.1
Kentucky,21,2006,2006,Male,M,White,2106-3,Lung and Bronchus,22030,2449,1873675,130.7
Louisiana,22,2006,2006,Female,F,Black or African American,2054-5,Lung and Bronchus,22030,325,717890,45.3
Louisiana,22,2006,2006,Female,F,White,2106-3,Larynx,22020,36,1436492,2.5
Louisiana,22,2006,2006,Female,F,White,2106-3,Lung and Bronchus,22030,1078,1436492,75
Louisiana,22,2006,2006,Male,M,Black or African American,2054-5,Larynx,22020,65,651577,10
Louisiana,22,2006,2006,Male,M,Black or African American,2054-5,Lung and Bronchus,22030,565,651577,86.7
Louisiana,22,2006,2006,Male,M,White,2106-3,Larynx,22020,135,1397595,9.7
Louisiana,22,2006,2006,Male,M,White,2106-3,Lung and Bronchus,22030,1433,1397595,102.5
Maine,23,2006,2006,Female,F,White,2106-3,Larynx,22020,17,656453,2.6
Maine,23,2006,2006,Female,F,White,2106-3,Lung and Bronchus,22030,587,656453,89.4
Maine,23,2006,2006,Male,M,White,2106-3,Larynx,22020,63,627671,10
Maine,23,2006,2006,Male,M,White,2106-3,Lung and Bronchus,22030,680,627671,108.3
Maryland,24,2006,2006,Female,F,Asian or Pacific Islander,A-PI,Lung and Bronchus,22030,24,160480,15
Maryland,24,2006,2006,Female,F,Black or African American,2054-5,Lung and Bronchus,22030,373,910116,41
Maryland,24,2006,2006,Female,F,White,2106-3,Larynx,22020,33,1822796,1.8
Maryland,24,2006,2006,Female,F,White,2106-3,Lung and Bronchus,22030,1451,1822796,79.6
Maryland,24,2006,2006,Male,M,Asian or Pacific Islander,A-PI,Lung and Bronchus,22030,32,147219,21.7
Maryland,24,2006,2006,Male,M,Black or African American,2054-5,Larynx,22020,50,795182,6.3
Maryland,24,2006,2006,Male,M,Black or African American,2054-5,Lung and Bronchus,22030,412,795182,51.8
Maryland,24,2006,2006,Male,M,White,2106-3,"Nose, Nasal Cavity and Middle Ear",22010,17,1762089,1
Maryland,24,2006,2006,Male,M,White,2106-3,Larynx,22020,110,1762089,6.2
Maryland,24,2006,2006,Male,M,White,2106-3,Lung and Bronchus,22030,1460,1762089,82.9
Massachusetts,25,2006,2006,Female,F,Asian or Pacific Islander,A-PI,Lung and Bronchus,22030,32,172562,18.5
Massachusetts,25,2006,2006,Female,F,Black or African American,2054-5,Lung and Bronchus,22030,71,255213,27.8
Massachusetts,25,2006,2006,Female,F,White,2106-3,"Nose, Nasal Cavity and Middle Ear",22010,23,2868834,0.8
Massachusetts,25,2006,2006,Female,F,White,2106-3,Larynx,22020,60,2868834,2.1
Massachusetts,25,2006,2006,Female,F,White,2106-3,Lung and Bronchus,22030,2474,2868834,86.2
Massachusetts,25,2006,2006,Male,M,Asian or Pacific Islander,A-PI,Lung and Bronchus,22030,39,161953,24.1
Massachusetts,25,2006,2006,Male,M,Black or African American,2054-5,Lung and Bronchus,22030,108,237408,45.5
Massachusetts,25,2006,2006,Male,M,White,2106-3,"Nose, Nasal Cavity and Middle Ear",22010,21,2685024,0.8
Massachusetts,25,2006,2006,Male,M,White,2106-3,Larynx,22020,216,2685024,8
Massachusetts,25,2006,2006,Male,M,White,2106-3,Lung and Bronchus,22030,2334,2685024,86.9
Michigan,26,2006,2006,Female,F,American Indian or Alaska Native,1002-5,Lung and Bronchus,22030,22,40794,53.9
Michigan,26,2006,2006,Female,F,Black or African American,2054-5,Larynx,22020,26,784005,3.3
Michigan,26,2006,2006,Female,F,Black or African American,2054-5,Lung and Bronchus,22030,489,784005,62.4
Michigan,26,2006,2006,Female,F,White,2106-3,"Nose, Nasal Cavity and Middle Ear",22010,16,4154161,0.4
Michigan,26,2006,2006,Female,F,White,2106-3,Larynx,22020,78,4154161,1.9
Michigan,26,2006,2006,Female,F,White,2106-3,Lung and Bronchus,22030,3142,4154161,75.6
Michigan,26,2006,2006,Male,M,American Indian or Alaska Native,1002-5,Lung and Bronchus,22030,20,39771,50.3
Michigan,26,2006,2006,Male,M,Asian or Pacific Islander,A-PI,Lung and Bronchus,22030,23,124438,18.5
Michigan,26,2006,2006,Male,M,Black or African American,2054-5,Larynx,22020,66,710906,9.3
Michigan,26,2006,2006,Male,M,Black or African American,2054-5,Lung and Bronchus,22030,567,710906,79.8
Michigan,26,2006,2006,Male,M,White,2106-3,"Nose, Nasal Cavity and Middle Ear",22010,31,4054345,0.8
Michigan,26,2006,2006,Male,M,White,2106-3,Larynx,22020,311,4054345,7.7
Michigan,26,2006,2006,Male,M,White,2106-3,Lung and Bronchus,22030,3587,4054345,88.5
Michigan,26,2006,2006,Male,M,Other Races and Unknown combined,2131-1,Lung and Bronchus,22030,17,Not Applicable,Not Applicable
Minnesota,27,2006,2006,Female,F,American Indian or Alaska Native,1002-5,Lung and Bronchus,22030,16,35862,44.6
Minnesota,27,2006,2006,Female,F,Black or African American,2054-5,Lung and Bronchus,22030,27,130994,20.6
Minnesota,27,2006,2006,Female,F,White,2106-3,Larynx,22020,33,2330621,1.4
Minnesota,27,2006,2006,Female,F,White,2106-3,Lung and Bronchus,22030,1337,2330621,57.4
Minnesota,27,2006,2006,Male,M,American Indian or Alaska Native,1002-5,Lung and Bronchus,22030,23,35909,64.1
Minnesota,27,2006,2006,Male,M,Black or African American,2054-5,Lung and Bronchus,22030,39,137704,28.3
Minnesota,27,2006,2006,Male,M,White,2106-3,"Nose, Nasal Cavity and Middle Ear",22010,18,2289870,0.8
Minnesota,27,2006,2006,Male,M,White,2106-3,Larynx,22020,138,2289870,6
Minnesota,27,2006,2006,Male,M,White,2106-3,Lung and Bronchus,22030,1431,2289870,62.5
Mississippi,28,2006,2006,Female,F,Black or African American,2054-5,Lung and Bronchus,22030,221,571988,38.6
Mississippi,28,2006,2006,Female,F,White,2106-3,Larynx,22020,18,902728,2
Mississippi,28,2006,2006,Female,F,White,2106-3,Lung and Bronchus,22030,675,902728,74.8
Mississippi,28,2006,2006,Male,M,Black or African American,2054-5,Larynx,22020,55,508411,10.8
Mississippi,28,2006,2006,Male,M,Black or African American,2054-5,Lung and Bronchus,22030,396,508411,77.9
Mississippi,28,2006,2006,Male,M,White,2106-3,Larynx,22020,79,879931,9
Mississippi,28,2006,2006,Male,M,White,2106-3,Lung and Bronchus,22030,1058,879931,120.2
Missouri,29,2006,2006,Female,F,Black or African American,2054-5,Lung and Bronchus,22030,212,370848,57.2
Missouri,29,2006,2006,Female,F,White,2106-3,"Nose, Nasal Cavity and Middle Ear",22010,19,2546526,0.7
Missouri,29,2006,2006,Female,F,White,2106-3,Larynx,22020,52,2546526,2
Missouri,29,2006,2006,Female,F,White,2106-3,Lung and Bronchus,22030,2117,2546526,83.1
Missouri,29,2006,2006,Male,M,Black or African American,2054-5,Larynx,22020,31,333616,9.3
Missouri,29,2006,2006,Male,M,Black or African American,2054-5,Lung and Bronchus,22030,260,333616,77.9
Missouri,29,2006,2006,Male,M,White,2106-3,"Nose, Nasal Cavity and Middle Ear",22010,17,2455662,0.7
Missouri,29,2006,2006,Male,M,White,2106-3,Larynx,22020,182,2455662,7.4
Missouri,29,2006,2006,Male,M,White,2106-3,Lung and Bronchus,22030,2607,2455662,106.2
Montana,30,2006,2006,Female,F,White,2106-3,Lung and Bronchus,22030,332,435897,76.2
Montana,30,2006,2006,Male,M,American Indian or Alaska Native,1002-5,Lung and Bronchus,22030,22,32390,67.9
Montana,30,2006,2006,Male,M,White,2106-3,Larynx,22020,24,438157,5.5
Montana,30,2006,2006,Male,M,White,2106-3,Lung and Bronchus,22030,339,438157,77.4
Nebraska,31,2006,2006,Female,F,White,2106-3,Lung and Bronchus,22030,501,823459,60.8
Nebraska,31,2006,2006,Male,M,Black or African American,2054-5,Lung and Bronchus,22030,21,43749,48
Nebraska,31,2006,2006,Male,M,White,2106-3,Larynx,22020,58,807225,7.2
Nebraska,31,2006,2006,Male,M,White,2106-3,Lung and Bronchus,22030,658,807225,81.5
Nevada,32,2006,2006,Female,F,Asian or Pacific Islander,A-PI,Lung and Bronchus,22030,29,106721,27.2
Nevada,32,2006,2006,Female,F,Black or African American,2054-5,Lung and Bronchus,22030,36,109693,32.8
Nevada,32,2006,2006,Female,F,White,2106-3,Lung and Bronchus,22030,786,1005835,78.1
Nevada,32,2006,2006,Male,M,Asian or Pacific Islander,A-PI,Lung and Bronchus,22030,36,91041,39.5
Nevada,32,2006,2006,Male,M,Black or African American,2054-5,Lung and Bronchus,22030,51,111811,45.6
Nevada,32,2006,2006,Male,M,White,2106-3,Larynx,22020,63,1054175,6
Nevada,32,2006,2006,Male,M,White,2106-3,Lung and Bronchus,22030,827,1054175,78.4
New Hampshire,33,2006,2006,Female,F,White,2106-3,Lung and Bronchus,22030,456,638380,71.4
New Hampshire,33,2006,2006,Female,F,Other Races and Unknown combined,2131-1,Lung and Bronchus,22030,16,Not Applicable,Not Applicable
New Hampshire,33,2006,2006,Male,M,White,2106-3,Larynx,22020,63,620415,10.2
New Hampshire,33,2006,2006,Male,M,White,2106-3,Lung and Bronchus,22030,479,620415,77.2
New Hampshire,33,2006,2006,Male,M,Other Races and Unknown combined,2131-1,Lung and Bronchus,22030,22,Not Applicable,Not Applicable
New Jersey,34,2006,2006,Female,F,Asian or Pacific Islander,A-PI,Lung and Bronchus,22030,69,349637,19.7
New Jersey,34,2006,2006,Female,F,Black or African American,2054-5,Lung and Bronchus,22030,309,686105,45
New Jersey,34,2006,2006,Female,F,White,2106-3,"Nose, Nasal Cavity and Middle Ear",22010,28,3390120,0.8
New Jersey,34,2006,2006,Female,F,White,2106-3,Larynx,22020,62,3390120,1.8
New Jersey,34,2006,2006,Female,F,White,2106-3,Lung and Bronchus,22030,2643,3390120,78
New Jersey,34,2006,2006,Male,M,Asian or Pacific Islander,A-PI,Lung and Bronchus,22030,71,335250,21.2
New Jersey,34,2006,2006,Male,M,Black or African American,2054-5,Larynx,22020,44,612548,7.2
New Jersey,34,2006,2006,Male,M,Black or African American,2054-5,Lung and Bronchus,22030,346,612548,56.5
New Jersey,34,2006,2006,Male,M,White,2106-3,"Nose, Nasal Cavity and Middle Ear",22010,32,3242856,1
New Jersey,34,2006,2006,Male,M,White,2106-3,Larynx,22020,270,3242856,8.3
New Jersey,34,2006,2006,Male,M,White,2106-3,Lung and Bronchus,22030,2686,3242856,82.8
New Mexico,35,2006,2006,Female,F,White,2106-3,Lung and Bronchus,22030,401,846731,47.4
New Mexico,35,2006,2006,Male,M,Black or African American,2054-5,Lung and Bronchus,22030,16,27595,58
New Mexico,35,2006,2006,Male,M,White,2106-3,Larynx,22020,47,825308,5.7
New Mexico,35,2006,2006,Male,M,White,2106-3,Lung and Bronchus,22030,491,825308,59.5
New York,36,2006,2006,Female,F,Asian or Pacific Islander,A-PI,Lung and Bronchus,22030,139,718558,19.3
New York,36,2006,2006,Female,F,Black or African American,2054-5,Larynx,22020,29,1855455,1.6
New York,36,2006,2006,Female,F,Black or African American,2054-5,Lung and Bronchus,22030,700,1855455,37.7
New York,36,2006,2006,Female,F,White,2106-3,"Nose, Nasal Cavity and Middle Ear",22010,63,7209320,0.9
New York,36,2006,2006,Female,F,White,2106-3,Larynx,22020,155,7209320,2.1
New York,36,2006,2006,Female,F,White,2106-3,Lung and Bronchus,22030,5777,7209320,80.1
New York,36,2006,2006,Male,M,Asian or Pacific Islander,A-PI,Lung and Bronchus,22030,212,680220,31.2
New York,36,2006,2006,Male,M,Black or African American,2054-5,Larynx,22020,96,1598437,6
New York,36,2006,2006,Male,M,Black or African American,2054-5,Lung and Bronchus,22030,818,1598437,51.2
New York,36,2006,2006,Male,M,White,2106-3,"Nose, Nasal Cavity and Middle Ear",22010,59,6868066,0.9
New York,36,2006,2006,Male,M,White,2106-3,Larynx,22020,521,6868066,7.6
New York,36,2006,2006,Male,M,White,2106-3,Lung and Bronchus,22030,5677,6868066,82.7
New York,36,2006,2006,Male,M,White,2106-3,"Trachea, Mediastinum and Other Respiratory Organs",22060,19,6868066,0.3
North Carolina,37,2006,2006,Female,F,American Indian or Alaska Native,1002-5,Lung and Bronchus,22030,17,68458,24.8
North Carolina,37,2006,2006,Female,F,Black or African American,2054-5,Larynx,22020,18,1053762,1.7
North Carolina,37,2006,2006,Female,F,Black or African American,2054-5,Lung and Bronchus,22030,414,1053762,39.3
North Carolina,37,2006,2006,Female,F,White,2106-3,"Nose, Nasal Cavity and Middle Ear",22010,21,3340655,0.6
North Carolina,37,2006,2006,Female,F,White,2106-3,Larynx,22020,80,3340655,2.4
North Carolina,37,2006,2006,Female,F,White,2106-3,Lung and Bronchus,22030,2539,3340655,76
North Carolina,37,2006,2006,Male,M,American Indian or Alaska Native,1002-5,Lung and Bronchus,22030,29,67645,42.9
North Carolina,37,2006,2006,Male,M,Asian or Pacific Islander,A-PI,Lung and Bronchus,22030,16,93956,17
North Carolina,37,2006,2006,Male,M,Black or African American,2054-5,Larynx,22020,97,933035,10.4
North Carolina,37,2006,2006,Male,M,Black or African American,2054-5,Lung and Bronchus,22030,759,933035,81.3
North Carolina,37,2006,2006,Male,M,White,2106-3,"Nose, Nasal Cavity and Middle Ear",22010,21,3259482,0.6
North Carolina,37,2006,2006,Male,M,White,2106-3,Larynx,22020,229,3259482,7
North Carolina,37,2006,2006,Male,M,White,2106-3,Lung and Bronchus,22030,3290,3259482,100.9
North Dakota,38,2006,2006,Female,F,White,2106-3,Lung and Bronchus,22030,162,297547,54.4
North Dakota,38,2006,2006,Male,M,White,2106-3,Lung and Bronchus,22030,222,300895,73.8
Ohio,39,2006,2006,Female,F,Asian or Pacific Islander,A-PI,Lung and Bronchus,22030,23,100514,22.9
Ohio,39,2006,2006,Female,F,Black or African American,2054-5,Lung and Bronchus,22030,464,762371,60.9
Ohio,39,2006,2006,Female,F,White,2106-3,"Nose, Nasal Cavity and Middle Ear",22010,36,5002238,0.7
Ohio,39,2006,2006,Female,F,White,2106-3,Larynx,22020,101,5002238,2
Ohio,39,2006,2006,Female,F,White,2106-3,Lung and Bronchus,22030,3861,5002238,77.2
Ohio,39,2006,2006,Male,M,Asian or Pacific Islander,A-PI,Lung and Bronchus,22030,18,94004,19.1
Ohio,39,2006,2006,Male,M,Black or African American,2054-5,Larynx,22020,45,695025,6.5
Ohio,39,2006,2006,Male,M,Black or African American,2054-5,Lung and Bronchus,22030,547,695025,78.7
Ohio,39,2006,2006,Male,M,White,2106-3,"Nose, Nasal Cavity and Middle Ear",22010,46,4791171,1
Ohio,39,2006,2006,Male,M,White,2106-3,Larynx,22020,378,4791171,7.9
Ohio,39,2006,2006,Male,M,White,2106-3,Lung and Bronchus,22030,4706,4791171,98.2
Ohio,39,2006,2006,Male,M,White,2106-3,"Trachea, Mediastinum and Other Respiratory Organs",22060,16,4791171,0.3
Ohio,39,2006,2006,Male,M,Other Races and Unknown combined,2131-1,Lung and Bronchus,22030,17,Not Applicable,Not Applicable
Oklahoma,40,2006,2006,Female,F,American Indian or Alaska Native,1002-5,Lung and Bronchus,22030,119,179036,66.5
Oklahoma,40,2006,2006,Female,F,Black or African American,2054-5,Lung and Bronchus,22030,60,150652,39.8
Oklahoma,40,2006,2006,Female,F,White,2106-3,Larynx,22020,37,1453796,2.5
Oklahoma,40,2006,2006,Female,F,White,2106-3,Lung and Bronchus,22030,1265,1453796,87
Oklahoma,40,2006,2006,Male,M,American Indian or Alaska Native,1002-5,Lung and Bronchus,22030,132,174502,75.6
Oklahoma,40,2006,2006,Male,M,Black or African American,2054-5,Lung and Bronchus,22030,109,148377,73.5
Oklahoma,40,2006,2006,Male,M,White,2106-3,Larynx,22020,124,1419773,8.7
Oklahoma,40,2006,2006,Male,M,White,2106-3,Lung and Bronchus,22030,1502,1419773,105.8
Oregon,41,2006,2006,Female,F,American Indian or Alaska Native,1002-5,Lung and Bronchus,22030,20,35035,57.1
Oregon,41,2006,2006,Female,F,White,2106-3,Larynx,22020,20,1696074,1.2
Oregon,41,2006,2006,Female,F,White,2106-3,Lung and Bronchus,22030,1243,1696074,73.3
Oregon,41,2006,2006,Male,M,Black or African American,2054-5,Lung and Bronchus,22030,31,44391,69.8
Oregon,41,2006,2006,Male,M,White,2106-3,Larynx,22020,99,1664321,5.9
Oregon,41,2006,2006,Male,M,White,2106-3,Lung and Bronchus,22030,1326,1664321,79.7
Pennsylvania,42,2006,2006,Female,F,Asian or Pacific Islander,A-PI,Lung and Bronchus,22030,24,168122,14.3
Pennsylvania,42,2006,2006,Female,F,Black or African American,2054-5,Larynx,22020,19,743812,2.6
Pennsylvania,42,2006,2006,Female,F,Black or African American,2054-5,Lung and Bronchus,22030,495,743812,66.5
Pennsylvania,42,2006,2006,Female,F,White,2106-3,"Nose, Nasal Cavity and Middle Ear",22010,34,5498641,0.6
Pennsylvania,42,2006,2006,Female,F,White,2106-3,Larynx,22020,108,5498641,2
Pennsylvania,42,2006,2006,Female,F,White,2106-3,Lung and Bronchus,22030,4353,5498641,79.2
Pennsylvania,42,2006,2006,Male,M,Asian or Pacific Islander,A-PI,Lung and Bronchus,22030,26,159970,16.3
Pennsylvania,42,2006,2006,Male,M,Black or African American,2054-5,Larynx,22020,47,677447,6.9
Pennsylvania,42,2006,2006,Male,M,Black or African American,2054-5,Lung and Bronchus,22030,490,677447,72.3
Pennsylvania,42,2006,2006,Male,M,White,2106-3,"Nose, Nasal Cavity and Middle Ear",22010,56,5225518,1.1
Pennsylvania,42,2006,2006,Male,M,White,2106-3,Larynx,22020,426,5225518,8.2
Pennsylvania,42,2006,2006,Male,M,White,2106-3,Lung and Bronchus,22030,5220,5225518,99.9
Pennsylvania,42,2006,2006,Male,M,Other Races and Unknown combined,2131-1,Lung and Bronchus,22030,17,Not Applicable,Not Applicable
Rhode Island,44,2006,2006,Female,F,White,2106-3,Lung and Bronchus,22030,412,488654,84.3
Rhode Island,44,2006,2006,Male,M,White,2106-3,Larynx,22020,51,453720,11.2
Rhode Island,44,2006,2006,Male,M,White,2106-3,Lung and Bronchus,22030,412,453720,90.8
South Carolina,45,2006,2006,Female,F,Black or African American,2054-5,Lung and Bronchus,22030,241,675626,35.7
South Carolina,45,2006,2006,Female,F,White,2106-3,Larynx,22020,27,1520534,1.8
South Carolina,45,2006,2006,Female,F,White,2106-3,Lung and Bronchus,22030,1185,1520534,77.9
South Carolina,45,2006,2006,Male,M,Black or African American,2054-5,Larynx,22020,66,597910,11
South Carolina,45,2006,2006,Male,M,Black or African American,2054-5,Lung and Bronchus,22030,453,597910,75.8
South Carolina,45,2006,2006,Male,M,White,2106-3,"Nose, Nasal Cavity and Middle Ear",22010,18,1482816,1.2
South Carolina,45,2006,2006,Male,M,White,2106-3,Larynx,22020,145,1482816,9.8
South Carolina,45,2006,2006,Male,M,White,2106-3,Lung and Bronchus,22030,1582,1482816,106.7
South Dakota,46,2006,2006,Female,F,American Indian or Alaska Native,1002-5,Lung and Bronchus,22030,16,36409,43.9
South Dakota,46,2006,2006,Female,F,White,2106-3,Lung and Bronchus,22030,213,347971,61.2
South Dakota,46,2006,2006,Male,M,White,2106-3,Lung and Bronchus,22030,298,345639,86.2
Tennessee,47,2006,2006,Female,F,Black or African American,2054-5,Lung and Bronchus,22030,265,553316,47.9
Tennessee,47,2006,2006,Female,F,White,2106-3,Larynx,22020,63,2509554,2.5
Tennessee,47,2006,2006,Female,F,White,2106-3,Lung and Bronchus,22030,1956,2509554,77.9
Tennessee,47,2006,2006,Male,M,Black or African American,2054-5,Larynx,22020,41,494284,8.3
Tennessee,47,2006,2006,Male,M,Black or African American,2054-5,Lung and Bronchus,22030,327,494284,66.2
Tennessee,47,2006,2006,Male,M,White,2106-3,"Nose, Nasal Cavity and Middle Ear",22010,29,2416954,1.2
Tennessee,47,2006,2006,Male,M,White,2106-3,Larynx,22020,213,2416954,8.8
Tennessee,47,2006,2006,Male,M,White,2106-3,Lung and Bronchus,22030,2824,2416954,116.8
Texas,48,2006,2006,Female,F,Asian or Pacific Islander,A-PI,Lung and Bronchus,22030,82,456825,17.9
Texas,48,2006,2006,Female,F,Black or African American,2054-5,Larynx,22020,23,1504564,1.5
Texas,48,2006,2006,Female,F,Black or African American,2054-5,Lung and Bronchus,22030,591,1504564,39.3
Texas,48,2006,2006,Female,F,White,2106-3,"Nose, Nasal Cavity and Middle Ear",22010,56,9705520,0.6
Texas,48,2006,2006,Female,F,White,2106-3,Larynx,22020,120,9705520,1.2
Texas,48,2006,2006,Female,F,White,2106-3,Lung and Bronchus,22030,4998,9705520,51.5
Texas,48,2006,2006,Male,M,American Indian or Alaska Native,1002-5,Lung and Bronchus,22030,19,108581,17.5
Texas,48,2006,2006,Male,M,Asian or Pacific Islander,A-PI,Lung and Bronchus,22030,89,438876,20.3
Texas,48,2006,2006,Male,M,Black or African American,2054-5,Larynx,22020,97,1399438,6.9
Texas,48,2006,2006,Male,M,Black or African American,2054-5,Lung and Bronchus,22030,903,1399438,64.5
Texas,48,2006,2006,Male,M,White,2106-3,"Nose, Nasal Cavity and Middle Ear",22010,61,9641442,0.6
Texas,48,2006,2006,Male,M,White,2106-3,Larynx,22020,588,9641442,6.1
Texas,48,2006,2006,Male,M,White,2106-3,Lung and Bronchus,22030,6214,9641442,64.5
Texas,48,2006,2006,Male,M,White,2106-3,"Trachea, Mediastinum and Other Respiratory Organs",22060,22,9641442,0.2
Utah,49,2006,2006,Female,F,White,2106-3,Lung and Bronchus,22030,252,1183282,21.3
Utah,49,2006,2006,Male,M,White,2106-3,Larynx,22020,25,1190975,2.1
Utah,49,2006,2006,Male,M,White,2106-3,Lung and Bronchus,22030,295,1190975,24.8
Vermont,50,2006,2006,Female,F,White,2106-3,Lung and Bronchus,22030,280,307377,91.1
Vermont,50,2006,2006,Male,M,White,2106-3,Larynx,22020,21,297739,7.1
Vermont,50,2006,2006,Male,M,White,2106-3,Lung and Bronchus,22030,282,297739,94.7
Virginia,51,2006,2006,Female,F,Asian or Pacific Islander,A-PI,Lung and Bronchus,22030,38,217250,17.5
Virginia,51,2006,2006,Female,F,Black or African American,2054-5,Lung and Bronchus,22030,348,817213,42.6
Virginia,51,2006,2006,Female,F,White,2106-3,Larynx,22020,42,2855532,1.5
Virginia,51,2006,2006,Female,F,White,2106-3,Lung and Bronchus,22030,1950,2855532,68.3
Virginia,51,2006,2006,Male,M,Asian or Pacific Islander,A-PI,Lung and Bronchus,22030,45,198252,22.7
Virginia,51,2006,2006,Male,M,Black or African American,2054-5,Larynx,22020,53,748297,7.1
Virginia,51,2006,2006,Male,M,Black or African American,2054-5,Lung and Bronchus,22030,519,748297,69.4
Virginia,51,2006,2006,Male,M,White,2106-3,"Nose, Nasal Cavity and Middle Ear",22010,36,2799414,1.3
Virginia,51,2006,2006,Male,M,White,2106-3,Larynx,22020,181,2799414,6.5
Virginia,51,2006,2006,Male,M,White,2106-3,Lung and Bronchus,22030,2224,2799414,79.4
Washington,53,2006,2006,Female,F,American Indian or Alaska Native,1002-5,Lung and Bronchus,22030,27,65960,40.9
Washington,53,2006,2006,Female,F,Asian or Pacific Islander,A-PI,Lung and Bronchus,22030,72,269261,26.7
Washington,53,2006,2006,Female,F,Black or African American,2054-5,Lung and Bronchus,22030,42,129313,32.5
Washington,53,2006,2006,Female,F,White,2106-3,Larynx,22020,44,2736161,1.6
Washington,53,2006,2006,Female,F,White,2106-3,Lung and Bronchus,22030,1893,2736161,69.2
Washington,53,2006,2006,Male,M,American Indian or Alaska Native,1002-5,Lung and Bronchus,22030,21,65767,31.9
Washington,53,2006,2006,Male,M,Asian or Pacific Islander,A-PI,Lung and Bronchus,22030,80,236568,33.8
Washington,53,2006,2006,Male,M,Black or African American,2054-5,Lung and Bronchus,22030,71,145824,48.7
Washington,53,2006,2006,Male,M,White,2106-3,"Nose, Nasal Cavity and Middle Ear",22010,29,2721899,1.1
Washington,53,2006,2006,Male,M,White,2106-3,Larynx,22020,141,2721899,5.2
Washington,53,2006,2006,Male,M,White,2106-3,Lung and Bronchus,22030,1964,2721899,72.2
West Virginia,54,2006,2006,Female,F,Black or African American,2054-5,Lung and Bronchus,22030,20,31393,63.7
West Virginia,54,2006,2006,Female,F,White,2106-3,Larynx,22020,24,890658,2.7
West Virginia,54,2006,2006,Female,F,White,2106-3,Lung and Bronchus,22030,882,890658,99
West Virginia,54,2006,2006,Male,M,Black or African American,2054-5,Lung and Bronchus,22030,38,34824,109.1
West Virginia,54,2006,2006,Male,M,White,2106-3,Larynx,22020,86,853996,10.1
West Virginia,54,2006,2006,Male,M,White,2106-3,Lung and Bronchus,22030,1154,853996,135.1
Wisconsin,55,2006,2006,Female,F,Black or African American,2054-5,Lung and Bronchus,22030,64,187488,34.1
Wisconsin,55,2006,2006,Female,F,White,2106-3,"Nose, Nasal Cavity and Middle Ear",22010,18,2530601,0.7
Wisconsin,55,2006,2006,Female,F,White,2106-3,Larynx,22020,42,2530601,1.7
Wisconsin,55,2006,2006,Female,F,White,2106-3,Lung and Bronchus,22030,1700,2530601,67.2
Wisconsin,55,2006,2006,Male,M,Black or African American,2054-5,Larynx,22020,16,179644,8.9
Wisconsin,55,2006,2006,Male,M,Black or African American,2054-5,Lung and Bronchus,22030,109,179644,60.7
Wisconsin,55,2006,2006,Male,M,White,2106-3,"Nose, Nasal Cavity and Middle Ear",22010,22,2493516,0.9
Wisconsin,55,2006,2006,Male,M,White,2106-3,Larynx,22020,180,2493516,7.2
Wisconsin,55,2006,2006,Male,M,White,2106-3,Lung and Bronchus,22030,1871,2493516,75
Wisconsin,55,2006,2006,Male,M,Other Races and Unknown combined,2131-1,Lung and Bronchus,22030,26,Not Applicable,Not Applicable
Wyoming,56,2006,2006,Female,F,White,2106-3,Lung and Bronchus,22030,129,245220,52.6
Wyoming,56,2006,2006,Male,M,White,2106-3,Larynx,22020,20,252490,7.9
Wyoming,56,2006,2006,Male,M,White,2106-3,Lung and Bronchus,22030,132,252490,52.3
