"County Code","County","CO 2nd Max 1-hr","CO 2nd Max 8-hr","NO2 98th Percentile 1-hr","NO2 Mean 1-hr","Ozone 2nd Max 1-hr","Ozone 4th Max 8-hr","SO2 99th Percentile 1-hr","SO2 2nd Max 24-hr","SO2 Mean 1-hr","PM2.5 98th Percentile 24-hr","PM2.5 Weighted Mean 24-hr","PM10 2nd Max 24-hr","PM10 Mean 24-hr","Lead Max 3-Mo Avg"
"01003","Baldwin County, AL",".",".",".",".","0.1","0.078",".",".",".","22","10.4",".",".","."
"01027","Clay County, AL",".",".",".",".","0.09","0.081",".",".",".","40","13.4",".",".","."
"01033","Colbert County, AL",".",".",".",".","0.09","0.076",".",".",".","35","13.5",".",".","."
"01049","DeKalb County, AL",".",".",".",".",".",".",".",".",".","30","13.9",".",".","."
"01051","Elmore County, AL",".",".",".",".","0.09","0.074",".",".",".",".",".",".",".","."
"01053","Escambia County, AL",".",".",".",".",".",".",".",".",".","31","13.3",".",".","."
"01055","Etowah County, AL",".",".",".",".","0.09","0.075",".",".",".",".",".",".",".","."
"01069","Houston County, AL",".",".",".",".","0.08","0.071",".",".",".","46","13.5",".",".","."
"01073","Jefferson County, AL","18.7","8.6",".",".","0.12","0.095","50","10","3","49","20.3","233","56","."
"01079","Lawrence County, AL",".",".",".",".","0.09","0.079",".",".",".",".",".",".",".","."
"01089","Madison County, AL",".",".",".",".","0.1","0.082",".",".",".","34","14.3","62","23","."
"01097","Mobile County, AL",".",".",".",".","0.1","0.081",".",".",".","24","11.5","53","29","."
"01101","Montgomery County, AL",".",".",".",".","0.09","0.08",".",".",".",".",".","44","25","."
"01103","Morgan County, AL",".",".",".",".","0.1","0.081",".",".",".","40","14.4",".",".","."
"01109","Pike County, AL",".",".",".",".",".",".",".",".",".",".",".",".",".","."
"01113","Russell County, AL",".",".",".",".","0.09","0.079",".",".",".","48","15.5",".",".","."
"01117","Shelby County, AL",".",".",".",".","0.11","0.094",".",".",".","40","14.9",".",".","."
"01119","Sumter County, AL",".",".",".",".","0.08","0.069",".",".",".",".",".",".",".","."
"01125","Tuscaloosa County, AL",".",".",".",".","0.1","0.08",".",".",".","36","14",".",".","."
"01127","Walker County, AL",".",".",".",".",".",".",".",".",".","35","14.6",".",".","."
"02020","Anchorage Borough, AK","8.1","5.3",".",".",".",".",".",".",".",".",".","98","24","."
"02068","Denali Borough, AK",".",".",".",".","0.06","0.053",".",".",".",".",".",".",".","."
"02090","Fairbanks North Star Borough, AK","5.3","3.2",".",".",".",".",".",".",".","53","11",".",".","."
"02110","Juneau Borough, AK",".",".",".",".",".",".",".",".",".","40","6.6","21","8","."
"02170","Matanuska-Susitna Borough, AK",".",".",".",".",".",".",".",".",".","20","5.5","48","11","."
"04001","Apache County, AZ",".",".",".",".",".",".",".",".",".",".",".","98","30","."
"04003","Cochise County, AZ",".",".",".",".","0.07","0.067",".",".",".","11","6.4","72","28","."
"04005","Coconino County, AZ",".",".",".",".","0.08","0.069",".",".",".","30","8","42","21","."
"04007","Gila County, AZ",".",".",".",".","0.09","0.076","322","43","10","22","9.4","69","34","."
"04009","Graham County, AZ",".",".",".",".",".",".",".",".",".",".",".","54","22","."
"04013","Maricopa County, AZ","6","4.1","76","29","0.1","0.079","12","5","2","29","12.3","225","71","."
"04015","Mohave County, AZ",".",".",".",".",".",".",".",".",".",".",".","50","20","."
"04017","Navajo County, AZ",".",".",".",".","0.08","0.069",".",".",".",".",".","46","16","."
"04019","Pima County, AZ","3.1","1.9","49","13","0.08","0.073","13","3","1","14","5.8","123","40","."
"04021","Pinal County, AZ",".",".",".",".","0.1","0.077",".",".",".","54","22.5","1838","181","."
"04023","Santa Cruz County, AZ",".",".",".",".",".",".",".",".",".","29","12.3","211","65","."
"04025","Yavapai County, AZ",".",".",".",".",".",".",".",".",".",".",".","54","21","."
"04027","Yuma County, AZ",".","1.2",".",".","0.09","0.074",".",".",".",".",".","320","52","."
"05001","Arkansas County, AR",".",".",".",".",".",".",".",".",".","29","12.4",".",".","."
"05003","Ashley County, AR",".",".",".",".",".",".",".",".",".","25","12",".",".","."
"05035","Crittenden County, AR",".",".","51","11","0.11","0.084",".",".",".","34","13.6",".",".","."
"05045","Faulkner County, AR",".",".",".",".",".",".",".",".",".","26","11.8",".",".","."
"05051","Garland County, AR",".",".",".",".",".",".",".",".",".","29","12.1",".",".","."
"05067","Jackson County, AR",".",".",".",".",".",".",".",".",".","31","12.6",".",".","."
"05101","Newton County, AR",".",".",".",".","0.09","0.074",".",".",".",".",".",".",".","."
"05107","Phillips County, AR",".",".",".",".",".",".",".",".",".","31","12.6",".",".","."
"05113","Polk County, AR",".",".",".",".","0.09","0.079",".",".",".","29","11.9",".",".","."
"05115","Pope County, AR",".",".",".",".",".",".",".",".",".","27","12.8",".",".","."
"05119","Pulaski County, AR","3.2","2","46","11","0.1","0.083","11","5","3","34","12.9","48","30","."
"05131","Sebastian County, AR",".",".",".",".",".",".",".",".",".","29","12.2",".",".","."
"05139","Union County, AR",".",".",".",".",".",".","25","6","3","26","12.6",".",".","."
"05143","Washington County, AR",".",".",".",".","0.09","0.068",".",".",".",".",".",".",".","."
"05145","White County, AR",".",".",".",".",".",".",".",".",".","31","11.7",".",".","."
"06001","Alameda County, CA","3","1.6","48","14","0.1","0.067",".",".",".","39","9","63","19","."
"06005","Amador County, CA",".",".",".",".","0.09","0.073",".",".",".",".",".",".",".","."
"06007","Butte County, CA","2.8","2.2",".","10","0.09","0.083",".",".",".","53","10.7","61","21","."
"06009","Calaveras County, CA",".",".",".",".","0.09","0.076",".",".",".","24","7.9","33","16","."
"06011","Colusa County, CA",".",".",".",".","0.08","0.066",".",".",".","28","6.7","42","22","."
"06013","Contra Costa County, CA","2.7","1.4","44","12","0.09","0.071","27","8","2","45","8.7","51","19","."
"06017","El Dorado County, CA",".",".",".",".","0.11","0.093",".",".",".",".",".","33","14","."
"06019","Fresno County, CA","3.5","2.5","60","17","0.11","0.094",".",".",".","67","18.8","89","38","."
"06021","Glenn County, CA",".",".",".",".","0.08","0.069",".",".",".",".",".","38","20","."
"06023","Humboldt County, CA","1.6","1.3",".",".","0.05","0.046",".",".",".","22","7.1","44","19","."
"06025","Imperial County, CA","9.8","6.4","72","14","0.11","0.087","9","4","1","39","13","281","65","."
"06027","Inyo County, CA",".",".",".",".","0.1","0.085",".",".",".","35","6.1","296","26","."
"06029","Kern County, CA","2.8","1.9","65","20","0.13","0.102",".",".",".","72","21.8","109","55","."
"06031","Kings County, CA",".",".",".","11","0.11","0.088",".",".",".","58","18.4","105","47","."
"06033","Lake County, CA",".",".",".",".","0.07","0.057",".",".",".","9","3.4",".",".","."
"06037","Los Angeles County, CA","7","4.9","88","31","0.14","0.105","19","9","3","46","16","131","38","."
"06039","Madera County, CA",".",".","40","10","0.09","0.077",".",".",".",".",".",".",".","."
"06041","Marin County, CA","2.5","1.3","45","14","0.06","0.048",".",".",".",".",".","46","16","."
"06043","Mariposa County, CA",".","0.6",".",".","0.1","0.087",".",".",".",".",".",".",".","."
"06045","Mendocino County, CA","2.1","1.4","30","8","0.08","0.053",".",".",".","13","4.7","42","20","."
"06047","Merced County, CA",".",".","42","9","0.1","0.087",".",".",".","53","15.2","65","29","."
"06051","Mono County, CA",".",".",".",".",".",".",".",".",".",".",".","56","18","."
"06053","Monterey County, CA","1.7","1","35","7","0.07","0.059",".",".",".","16","7","34","17","."
"06055","Napa County, CA","3","2","41","10","0.07","0.055",".",".",".",".",".","43","20","."
"06057","Nevada County, CA",".",".",".",".","0.1","0.088",".",".",".","16","6.3",".",".","."
"06059","Orange County, CA","6.3","2.7","70","21","0.12","0.082","8","3","1","47","14.4","75","39","."
"06061","Placer County, CA",".",".","53","12","0.11","0.082",".",".",".","27","8.4",".",".","."
"06063","Plumas County, CA",".",".",".",".",".",".",".",".",".","36","11",".",".","."
"06065","Riverside County, CA","3.6","2.5","64","20","0.14","0.104",".",".",".","60","20.9","157","68","."
"06067","Sacramento County, CA","5.8","4.1","57","15","0.11","0.09","5","3","1","60","12.3","61","27","."
"06069","San Benito County, CA",".",".",".",".","0.09","0.075",".",".",".","19","6.2","31","17","."
"06071","San Bernardino County, CA","3.1","2.1","72","27","0.16","0.126","11","5","2",".",".","232","60","."
"06073","San Diego County, CA","6.3","4.8","82","22","0.11","0.086","16","5","3","53","13.3","146","58","."
"06075","San Francisco County, CA","2.3","1.5","53","16","0.06","0.047","14","6","1","27","8.7","58","20","."
"06077","San Joaquin County, CA","3.6","2.1","56","16","0.09","0.079",".",".",".","48","12.9","70","27","."
"06079","San Luis Obispo County, CA",".",".","43","9","0.09","0.083","71","10","1","24","7.9","107","39","."
"06081","San Mateo County, CA","4.1","2.1","49","13","0.07","0.052",".",".",".","33","8.3","45","18","."
"06083","Santa Barbara County, CA","2.1","1.3","37","8","0.09","0.078","7","3","1","21","9.5","72","24","."
"06085","Santa Clara County, CA","3.4","2.4","54","17","0.09","0.07",".",".",".","39","10.7","67","24","."
"06087","Santa Cruz County, CA","1.5","0.9","25","4","0.07","0.059","10","3","1","16","6.4","47","24","."
"06089","Shasta County, CA",".",".",".",".","0.08","0.076",".",".",".","17","5.6","40","20","."
"06093","Siskiyou County, CA",".",".",".",".","0.07","0.06",".",".",".",".",".","64","17","."
"06095","Solano County, CA","3.3","2.6","43","11","0.09","0.071","9","4","1","39","9.8","47","18","."
"06097","Sonoma County, CA","2.1","1.5","39","11","0.07","0.06",".",".",".","30","7.6","36","16","."
"06099","Stanislaus County, CA","3.7","3","46","12","0.09","0.076",".",".",".","57","15","75","31","."
"06101","Sutter County, CA",".",".","47","12","0.09","0.077",".",".",".","34","8.2","42","20","."
"06103","Tehama County, CA",".",".",".",".","0.09","0.082",".",".",".",".",".","50","22","."
"06105","Trinity County, CA",".",".",".",".",".",".",".",".",".",".",".","48","17","."
"06107","Tulare County, CA",".",".","59","15","0.11","0.091",".",".",".","60","20.4","88","42","."
"06109","Tuolumne County, CA",".",".",".",".","0.09","0.084",".",".",".",".",".",".",".","."
"06111","Ventura County, CA",".",".","46","13","0.11","0.086",".",".",".","32","11.7","64","29","."
"06113","Yolo County, CA",".",".","38","8","0.1","0.075",".",".",".","40","8.3","60","25","."
"08001","Adams County, CO","3","2.1","80","20","0.09","0.07","27","5","1","40","10.7","111","34","."
"08003","Alamosa County, CO",".",".",".",".",".",".",".",".",".",".",".","104","29","."
"08005","Arapahoe County, CO",".",".",".",".","0.09","0.075",".",".",".","22","8.1",".",".","."
"08007","Archuleta County, CO",".",".",".",".",".",".",".",".",".",".",".","59","23","."
"08013","Boulder County, CO","3.4","1.9",".",".","0.1","0.085",".",".",".","28","8.9","59","22","."
"08029","Delta County, CO",".",".",".",".",".",".",".",".",".",".",".","67","26","."
"08031","Denver County, CO","5.9","2.8","83","27","0.1","0.076","33","11","3","37","10.7","87","28","."
"08035","Douglas County, CO",".",".",".",".","0.1","0.082",".",".",".","19","6.8",".",".","."
"08041","El Paso County, CO","4","2.1",".",".","0.08","0.072",".",".",".","16","7.3","64","24","."
"08043","Fremont County, CO",".",".",".",".",".",".",".",".",".",".",".","30","16","."
"08045","Garfield County, CO",".",".",".",".","0.08","0.068",".",".",".",".",".","61","29","."
"08051","Gunnison County, CO",".",".",".",".",".",".",".",".",".",".",".","94","30","."
"08059","Jefferson County, CO",".",".",".",".","0.11","0.09",".",".",".",".",".",".",".","."
"08067","La Plata County, CO",".","1.2","42","7","0.08","0.071",".",".",".",".",".","38","19","."
"08069","Larimer County, CO","3.5","2.4",".",".","0.11","0.085",".",".",".","20","8","44","20","."
"08077","Mesa County, CO","2.8","1.8",".",".",".",".",".",".",".","26","9.5","124","37","."
"08083","Montezuma County, CO",".",".",".",".","0.08","0.07",".",".",".",".",".",".",".","."
"08093","Park County, CO",".",".",".",".","0.1","0.086",".",".",".",".",".",".",".","."
"08097","Pitkin County, CO",".",".",".",".","0.08",".",".",".",".",".",".","50","17","."
"08099","Prowers County, CO",".",".",".",".",".",".",".",".",".",".",".","82","26","."
"08101","Pueblo County, CO",".",".",".",".",".",".",".",".",".","15","7.2","46","24","."
"08107","Routt County, CO",".",".",".",".",".",".",".",".",".",".",".","90","24","."
"08113","San Miguel County, CO",".",".",".",".",".",".",".",".",".",".",".","60","19","."
"08117","Summit County, CO",".",".",".",".",".",".",".",".",".",".",".","71","17","."
"08123","Weld County, CO","3.9","2.4",".",".","0.09","0.074",".",".",".","29","9.2","65","22","."
"09001","Fairfield County, CT","2.8","1.9","57","14","0.13","0.092","28","17","4","32","12.7","43","21","."
"09003","Hartford County, CT","5.6","3.3","49","12","0.13","0.097","17","11","2","29","10","27","14","."
"09005","Litchfield County, CT","1","0.8","40","9","0.12","0.089","18","8","2","31","10.2",".",".","."
"09007","Middlesex County, CT",".",".",".",".","0.12","0.093",".",".",".",".",".",".",".","."
"09009","New Haven County, CT","1.9","1.4","64","18","0.12","0.093","67","20","4","33","12.2","42","21","."
"09011","New London County, CT",".",".",".",".","0.12","0.092",".",".",".","29","10.1",".",".","."
"09013","Tolland County, CT",".",".",".",".","0.12","0.087",".",".",".",".",".",".",".","."
"10001","Kent County, DE",".",".",".",".","0.09","0.078",".",".",".","31","12.1",".",".","."
"10003","New Castle County, DE","2.6","1.8",".",".","0.11","0.086","50","14","4","33","14.7","58","23","."
"10005","Sussex County, DE",".",".",".",".","0.1","0.081",".",".",".","33","13.2",".",".","."
"11001","District of Columbia","3.8","2.7","58","18","0.11","0.089",".",".","5","33","14.4","43","23","."
"12001","Alachua County, FL",".",".",".",".","0.09","0.078",".",".",".","60","11.3","77","19","."
"12003","Baker County, FL",".",".",".",".","0.08","0.069",".",".",".",".",".",".",".","."
"12005","Bay County, FL",".",".",".",".","0.09","0.077",".",".",".","28","10.9","82","22","."
"12009","Brevard County, FL",".",".",".",".","0.08","0.068","37","5","1","20","7.3","34","15","."
"12011","Broward County, FL","3.2","2.1","54","6","0.08","0.064","51","10","0","41","9","106","22","."
"12017","Citrus County, FL",".",".",".",".",".",".",".",".",".","26","8.5",".",".","."
"12021","Collier County, FL",".",".",".",".","0.08","0.069",".",".",".",".",".",".",".","."
"12023","Columbia County, FL",".",".",".",".","0.08","0.072",".",".",".",".",".",".",".","."
"12031","Duval County, FL","2.6","1.9","43","10","0.11","0.081","58","13","1","60","10.4","60","25","."
"12033","Escambia County, FL",".",".","33","5","0.1","0.082","81","17","2","26","10.8",".",".","."
"12047","Hamilton County, FL",".",".",".",".",".",".","34","13","2",".",".",".",".","."
"12055","Highlands County, FL",".",".",".",".","0.08","0.07",".",".",".",".",".",".",".","."
"12057","Hillsborough County, FL","3.6","2.1","38","7","0.11","0.083","126","31","3","27","10.5","86","33","."
"12059","Holmes County, FL",".",".",".",".","0.08","0.073",".",".",".",".",".",".",".","."
"12069","Lake County, FL",".",".",".",".","0.09","0.078",".",".",".",".",".",".",".","."
"12071","Lee County, FL",".",".",".",".","0.08","0.069",".",".",".","34","8.5","47","20","."
"12073","Leon County, FL",".",".",".",".","0.09","0.075",".",".",".","38","12.2",".",".","."
"12081","Manatee County, FL",".",".","32","4","0.09","0.075","24","6","1","21","8.5","87","28","."
"12083","Marion County, FL",".",".",".",".","0.09","0.074",".",".",".","29","10",".",".","."
"12086","Miami-Dade County, FL","3.7","2","42","11","0.09","0.071","3","1","0","22","9.4","53","24","."
"12089","Nassau County, FL",".",".",".",".",".",".","82","28","4",".",".",".",".","."
"12095","Orange County, FL","4.1","1.7","43","7","0.1","0.078","10","3","0","25","9","38","19","."
"12097","Osceola County, FL",".",".",".",".","0.09","0.073",".",".",".",".",".",".",".","."
"12099","Palm Beach County, FL","2.1","1.3","42","8","0.09","0.068","3","2","0","21","7.3","36","16","."
"12101","Pasco County, FL",".",".",".",".","0.09","0.078",".",".",".",".",".",".",".","."
"12103","Pinellas County, FL","5.9","2.4","42","9","0.09","0.072","94","27","3","26","9.7","51","23","."
"12105","Polk County, FL",".",".",".",".","0.09","0.077",".",".",".","55","10.2","65","18","."
"12107","Putnam County, FL",".",".",".",".",".",".","34","7","1",".",".",".",".","."
"12111","St. Lucie County, FL",".",".",".",".","0.08","0.063",".",".",".","22","7.7",".",".","."
"12113","Santa Rosa County, FL",".",".",".",".","0.1","0.08",".",".",".",".",".",".",".","."
"12115","Sarasota County, FL","2.9","2.3",".",".","0.09","0.073",".",".",".","28","8.1","81","22","."
"12117","Seminole County, FL",".",".",".",".","0.1","0.069",".",".",".","28","9.5","45","16","."
"12127","Volusia County, FL",".",".",".",".","0.08","0.065",".",".",".","35","9.8","42","17","."
"12129","Wakulla County, FL",".",".",".",".","0.08","0.07",".",".",".",".",".",".",".","."
"13021","Bibb County, GA",".",".",".",".","0.1","0.084","31","10","2","42","18.7","111","36","."
"13051","Chatham County, GA",".",".",".",".","0.08","0.065","77","24","3","35","12.6","40","24","."
"13055","Chattooga County, GA",".",".",".",".","0.09","0.08",".",".",".",".",".","46","25","."
"13059","Clarke County, GA",".",".",".",".","0.1","0.083",".",".",".","31","13.5",".",".","."
"13063","Clayton County, GA",".",".",".",".",".",".",".",".",".","37","15.6",".",".","."
"13067","Cobb County, GA",".",".",".",".","0.11","0.089",".",".",".","36","15.9",".",".","."
"13073","Columbia County, GA",".",".",".",".","0.09","0.074",".",".",".",".",".",".",".","."
"13077","Coweta County, GA",".",".",".",".","0.11","0.091",".",".",".",".",".",".",".","."
"13085","Dawson County, GA",".",".",".",".","0.1","0.078",".",".",".",".",".",".",".","."
"13089","DeKalb County, GA","2","1.7",".","15","0.12","0.096",".",".",".","34","16.8","58","28","."
"13095","Dougherty County, GA",".",".",".",".",".",".",".",".",".","43","15","187","34","."
"13097","Douglas County, GA",".",".",".",".","0.1","0.086",".",".",".",".",".","43","22","."
"13113","Fayette County, GA",".",".",".",".","0.12","0.092",".",".",".",".",".",".",".","."
"13115","Floyd County, GA",".",".",".",".",".",".","137","26","4","37","16","57","31","."
"13121","Fulton County, GA","2.1","1.4","75","17","0.12","0.098","65","18","3","39","16.8","88","29","."
"13127","Glynn County, GA",".",".",".",".","0.07","0.062","16","5","1",".",".",".",".","."
"13135","Gwinnett County, GA",".",".",".",".","0.11","0.091",".",".",".","30","14.2",".",".","."
"13139","Hall County, GA",".",".",".",".",".",".",".",".",".","29","13.8",".",".","."
"13151","Henry County, GA",".",".",".",".","0.12","0.102",".",".",".",".",".",".",".","."
"13213","Murray County, GA",".",".",".",".","0.1","0.082",".",".",".",".",".",".",".","."
"13215","Muscogee County, GA",".",".",".",".","0.1","0.083",".",".",".","38","15.2","53","28","."
"13223","Paulding County, GA","1.5","1.2","25","3","0.1","0.084",".",".",".","35","14.7",".",".","."
"13245","Richmond County, GA",".",".",".",".","0.1","0.08",".",".",".","34","15.7","54","29","."
"13247","Rockdale County, GA",".",".","27","5","0.13","0.098",".",".",".",".",".",".",".","."
"13255","Spalding County, GA",".",".",".",".",".",".",".",".",".",".",".","42","22","."
"13261","Sumter County, GA",".",".",".",".","0.09","0.076",".",".",".",".",".",".",".","."
"13303","Washington County, GA",".",".",".",".",".",".",".",".",".","28","14.6","57","28","."
"15001","Hawaii County, HI",".",".",".",".",".",".","1118","221","18",".",".",".",".","."
"15003","Honolulu County, HI","1.6","1","26","5","0.04","0.033","25","8","2","10","4.9","57","17","."
"15009","Maui County, HI",".",".",".",".",".",".",".",".",".","10","5","93","26","."
"16001","Ada County, ID","3.5","1.6",".",".","0.1","0.076",".",".",".",".",".","79","24","."
"16005","Bannock County, ID",".",".",".",".",".",".","65","24","6",".",".","48","22","."
"16009","Benewah County, ID",".",".",".",".",".",".",".",".",".","29","9.9",".",".","."
"16023","Butte County, ID",".",".",".",".","0.08","0.067",".",".",".",".",".",".",".","."
"16029","Caribou County, ID",".",".",".",".",".",".","38","5","1",".",".",".",".","."
"16049","Idaho County, ID",".",".",".",".",".",".",".",".",".","36","9.4",".",".","."
"16055","Kootenai County, ID",".",".",".",".","0.08","0.067",".",".",".",".",".",".",".","."
"16077","Power County, ID",".",".",".",".",".",".",".",".",".",".",".","76","21","."
"16079","Shoshone County, ID",".",".",".",".",".",".",".",".",".","32","11.8","48","17","."
"17001","Adams County, IL",".",".",".",".","0.08","0.075",".",".",".",".",".",".",".","."
"17019","Champaign County, IL",".",".",".",".","0.08","0.071",".",".",".","34","13.2",".",".","."
"17023","Clark County, IL",".",".",".",".","0.08","0.074",".",".",".",".",".",".",".","."
"17031","Cook County, IL","2.6","1.8","119","33","0.11","0.085","119","25","5","39","15.7","97","33","."
"17043","DuPage County, IL",".",".",".",".","0.09","0.072",".",".",".","38","13.8",".",".","."
"17049","Effingham County, IL",".",".",".",".","0.09","0.078",".",".",".",".",".",".",".","."
"17065","Hamilton County, IL",".",".",".",".","0.09","0.076",".",".",".","33","13.4",".",".","."
"17077","Jackson County, IL",".",".",".",".",".",".",".",".",".",".",".","41","22","."
"17083","Jersey County, IL",".",".",".",".","0.09","0.075",".",".",".","31","13.3",".",".","."
"17089","Kane County, IL",".",".",".",".","0.09","0.075",".",".",".","36","14.5",".",".","."
"17097","Lake County, IL",".",".",".",".","0.1","0.081",".",".",".","33","11.9",".",".","."
"17099","La Salle County, IL",".",".",".",".",".",".","356","82","6","31","11.7","101","27","."
"17111","McHenry County, IL",".",".",".",".","0.08","0.074",".",".",".","29","11.6",".",".","."
"17113","McLean County, IL",".",".",".",".","0.09","0.075",".",".",".","33","12.3",".",".","."
"17115","Macon County, IL",".",".",".",".","0.08","0.077","51","21","2","36","14",".",".","."
"17117","Macoupin County, IL",".",".",".",".","0.1","0.075","20","6","1",".",".","53","24","."
"17119","Madison County, IL",".",".",".",".","0.11","0.087","149","48","4","36","15.1","115","40","."
"17143","Peoria County, IL","3","2",".",".","0.09","0.081","58","20","2","35","13",".",".","."
"17157","Randolph County, IL",".",".",".",".","0.09","0.079","31","7","1","32","14.2",".",".","."
"17161","Rock Island County, IL",".",".",".",".","0.08","0.071",".",".",".","27","12.5",".",".","."
"17163","Saint Clair County, IL","2","1.6","52","16","0.11","0.077","33","10","2","33","15.6","58","33","."
"17167","Sangamon County, IL","2.9","1.4",".",".","0.09","0.072","139","47","3","34","13",".",".","."
"17179","Tazewell County, IL",".",".",".",".",".",".","220","133","4",".",".",".",".","."
"17185","Wabash County, IL",".",".",".",".",".",".","109","23","5",".",".",".",".","."
"17197","Will County, IL",".",".",".",".","0.08","0.071","63","17","4","39","14.6","55","24","."
"17201","Winnebago County, IL","2.3","1.4",".",".","0.08","0.073",".",".",".","30","12.5",".",".","."
"18003","Allen County, IN","3","1.7",".",".","0.09","0.08",".",".",".","34","13.2",".",".","."
"18011","Boone County, IN",".",".",".",".","0.1","0.083",".",".",".",".",".",".",".","."
"18015","Carroll County, IN",".",".",".",".","0.09","0.078",".",".",".",".",".",".",".","."
"18019","Clark County, IN",".",".",".",".","0.11","0.09",".",".",".","38","16.5","51","27","."
"18027","Daviess County, IN",".",".",".",".",".",".","112","25","5",".",".",".",".","."
"18029","Dearborn County, IN",".",".",".",".",".",".","61","18","3",".",".",".",".","."
"18035","Delaware County, IN",".",".",".",".","0.09","0.079",".",".",".",".",".",".",".","."
"18037","Dubois County, IN",".",".",".",".",".",".",".",".",".","36","14.9","48","25","."
"18039","Elkhart County, IN",".",".",".",".","0.09","0.082",".",".",".",".",".",".",".","."
"18043","Floyd County, IN",".",".",".",".","0.11","0.082","194","36","6","35","15.3",".",".","."
"18045","Fountain County, IN",".",".",".",".",".",".","200","80","6",".",".",".",".","."
"18051","Gibson County, IN",".",".",".",".",".",".","136","42","6",".",".",".",".","."
"18055","Greene County, IN",".",".",".",".","0.1","0.084",".",".",".",".",".",".",".","."
"18057","Hamilton County, IN",".",".",".",".","0.1","0.084",".",".",".",".",".",".",".","."
"18059","Hancock County, IN",".",".",".",".","0.1","0.081",".",".",".",".",".",".",".","."
"18063","Hendricks County, IN","1.3","1.2","43","8","0.09","0.079","46","13","3",".",".","48","21","."
"18065","Henry County, IN",".",".",".",".",".",".",".",".",".","32","13.1",".",".","."
"18067","Howard County, IN",".",".",".",".",".",".",".",".",".","34","13.5",".",".","."
"18069","Huntington County, IN",".",".",".",".","0.09","0.078",".",".",".",".",".",".",".","."
"18071","Jackson County, IN",".",".",".",".","0.09","0.078",".",".",".",".",".",".",".","."
"18073","Jasper County, IN",".",".",".",".",".",".","49","12","2",".",".",".",".","."
"18081","Johnson County, IN",".",".",".",".","0.09","0.08",".",".",".",".",".",".",".","."
"18083","Knox County, IN",".",".",".",".",".",".",".",".",".","31","13.8",".",".","."
"18089","Lake County, IN","8","3",".",".","0.1","0.088","66","21","5","37","16.1","115","31","."
"18091","LaPorte County, IN",".",".",".",".","0.09","0.078","26","10","2","32","12.4",".",".","."
"18095","Madison County, IN",".",".",".",".","0.09","0.078",".",".",".","34","13.7",".",".","."
"18097","Marion County, IN","7.9","3.6","48","13","0.1","0.083","122","28","5","39","17.3","59","27","."
"18109","Morgan County, IN",".",".",".",".","0.09","0.084","140","36","5",".",".",".",".","."
"18123","Perry County, IN",".",".",".",".","0.1","0.08",".",".",".",".",".","79","34","."
"18125","Pike County, IN",".",".",".",".",".",".","172","37","7",".",".",".",".","."
"18127","Porter County, IN",".",".",".",".","0.1","0.084","62","16","3","33","13.8","78","23","."
"18129","Posey County, IN",".",".",".",".","0.09","0.081",".",".",".",".",".",".",".","."
"18141","St. Joseph County, IN",".",".","35","10","0.09","0.082",".",".",".","34","13.9","47","20","."
"18145","Shelby County, IN",".",".",".",".","0.1","0.082",".",".",".",".",".",".",".","."
"18147","Spencer County, IN",".",".",".",".",".",".","46","12","5","31","14.1",".",".","."
"18157","Tippecanoe County, IN",".",".",".",".",".",".",".",".",".","34","13.9",".",".","."
"18163","Vanderburgh County, IN","2.5","1.6",".",".","0.1","0.088","69","18","3","32","15.2","51","26","."
"18167","Vigo County, IN",".",".",".",".","0.09","0.077","133","26","5","32","14.1","55","23","."
"18173","Warrick County, IN",".",".",".",".","0.1","0.083","103","26","3",".",".",".",".","."
"18177","Wayne County, IN",".",".",".",".",".",".","100","31","6",".",".",".",".","."
"19013","Black Hawk County, IA",".",".",".",".",".",".",".",".",".","32","12.4","57","26","."
"19017","Bremer County, IA",".",".",".",".","0.08","0.071",".",".",".",".",".",".",".","."
"19033","Cerro Gordo County, IA",".",".",".",".",".",".","3","1","0",".",".","121","36","."
"19045","Clinton County, IA",".",".",".",".","0.08","0.074","42","17","2","37","14.5",".",".","."
"19085","Harrison County, IA",".",".",".",".","0.08","0.07",".",".",".",".",".",".",".","."
"19103","Johnson County, IA",".",".",".",".",".",".",".",".",".","33","12.2",".",".","."
"19111","Lee County, IA",".",".",".",".",".",".",".",".",".","30","12.7",".",".","."
"19113","Linn County, IA","0.6","0.4",".",".","0.09","0.076","98","49","3","26","11.1","50","22","."
"19137","Montgomery County, IA",".",".",".",".","0.08","0.071",".",".",".","25","10","47","21","."
"19139","Muscatine County, IA",".",".",".",".",".",".","237","74","7","44","14.2","80","28","."
"19147","Palo Alto County, IA",".",".",".",".","0.08","0.063",".",".",".","25","9.3","53","20","."
"19153","Polk County, IA","4.9","2.3",".","9","0.08","0.07",".",".",".","28","11.3","49","22","."
"19155","Pottawattamie County, IA",".",".",".",".",".",".",".",".",".","33","11.2","58","24","."
"19163","Scott County, IA","1.2","0.8","37","9","0.09","0.073","17","6","1","37","15.1","112","44","."
"19169","Story County, IA",".",".",".",".","0.08","0.073",".",".",".",".",".",".",".","."
"19177","Van Buren County, IA",".",".",".",".","0.08","0.072","5","3","1","27","10.8","47","21","."
"19181","Warren County, IA",".",".",".",".","0.08","0.069",".",".",".",".",".",".",".","."
"19193","Woodbury County, IA",".",".",".",".",".",".",".",".",".","31","10.6","65","24","."
"20091","Johnson County, KS",".",".",".",".","0.09","0.071",".",".",".","24","10",".",".","."
"20103","Leavenworth County, KS",".",".",".",".","0.1","0.08",".",".",".",".",".",".",".","."
"20107","Linn County, KS",".",".","16","3","0.08","0.07",".",".",".","24","10.3",".",".","."
"20125","Montgomery County, KS",".",".",".",".",".",".","14","8","2",".",".","90","23","."
"20133","Neosho County, KS",".",".",".",".",".",".",".",".",".",".",".","84","28","."
"20173","Sedgwick County, KS","3.6","2.9","46","10","0.07","0.06",".",".",".","28","11.4","58","27","."
"20177","Shawnee County, KS",".",".",".",".","0.09","0.073",".",".",".","29","11.2","42","24","."
"20181","Sherman County, KS",".",".",".",".",".",".",".",".",".",".",".","45","23","."
"20191","Sumner County, KS",".",".","28","4","0.08","0.07","4","3","1","24","9.9",".",".","."
"20195","Trego County, KS",".",".",".",".","0.07","0.068","4","3","1",".",".",".",".","."
"20209","Wyandotte County, KS","2.9","2.1","53","13","0.09","0.073","44","13","4","24","11.9","76","35","."
"21013","Bell County, KY",".",".",".",".","0.08","0.071",".",".",".","41","16.5",".",".","."
"21015","Boone County, KY",".",".",".",".","0.09","0.078",".",".",".",".",".",".",".","."
"21019","Boyd County, KY",".",".","39","11","0.1","0.072","66","16","4","39","14.3","94","39","."
"21029","Bullitt County, KY",".",".",".",".","0.1","0.078",".",".",".","36","15.3",".",".","."
"21043","Carter County, KY",".",".",".",".","0.09","0.072",".",".",".","31","12.8",".",".","."
"21047","Christian County, KY",".",".",".",".","0.1","0.089",".",".",".","36","14",".",".","."
"21059","Daviess County, KY",".",".","36","4","0.11","0.086","64","15","5","35","14.2",".",".","."
"21061","Edmonson County, KY",".",".",".",".","0.09","0.082",".",".",".",".",".",".",".","."
"21067","Fayette County, KY",".",".","56","11","0.09","0.077","52","10","4","35","14.6","43","23","."
"21073","Franklin County, KY",".",".",".",".",".",".",".",".",".","35","13.5",".",".","."
"21089","Greenup County, KY",".",".",".",".","0.1","0.079","41","14","3",".",".",".",".","."
"21091","Hancock County, KY",".",".",".",".","0.09","0.081",".",".",".",".",".",".",".","."
"21093","Hardin County, KY",".",".",".",".","0.1","0.083",".",".",".","38","14.4",".",".","."
"21101","Henderson County, KY",".",".",".",".","0.1","0.083",".",".",".","31","14.8","51","20","."
"21111","Jefferson County, KY","3.7","2.1","52","16","0.11","0.086","171","32","6","43","15.7","61","24","."
"21113","Jessamine County, KY",".",".",".",".","0.1","0.08",".",".",".",".",".",".",".","."
"21117","Kenton County, KY",".",".",".",".","0.11","0.085",".",".",".","35","14.2",".",".","."
"21139","Livingston County, KY",".",".",".",".","0.09","0.078","44","12","3",".",".",".",".","."
"21145","McCracken County, KY",".",".","43","9","0.09","0.079","28","9","3","34","14.1","39","20","."
"21151","Madison County, KY",".",".",".",".",".",".",".",".",".","32","13.3",".",".","."
"21183","Ohio County, KY",".",".",".",".",".",".",".",".",".","39","14.4","45","21","."
"21185","Oldham County, KY",".",".",".",".","0.1","0.084",".",".",".",".",".",".",".","."
"21193","Perry County, KY",".",".",".",".","0.09","0.076",".",".",".","40","15.4","58","31","."
"21195","Pike County, KY",".",".",".",".","0.09","0.079",".",".",".","38","14.5",".",".","."
"21199","Pulaski County, KY",".",".",".",".","0.09","0.076",".",".",".",".",".",".",".","."
"21213","Simpson County, KY",".",".",".",".","0.09","0.081",".",".",".",".",".",".",".","."
"21221","Trigg County, KY",".",".",".","2","0.09","0.086",".",".",".",".",".",".",".","."
"21227","Warren County, KY",".",".",".",".","0.09","0.077",".",".",".",".",".",".",".","."
"22005","Ascension Parish, LA",".",".","42","10","0.11","0.088",".",".",".",".",".",".",".","."
"22015","Bossier Parish, LA",".",".",".",".","0.09","0.074","21","7","2",".",".",".",".","."
"22017","Caddo Parish, LA",".",".",".",".","0.1","0.072",".",".",".","30","12.8","64","27","."
"22019","Calcasieu Parish, LA",".",".","36","7","0.09","0.078","41","9","3","24","9.6",".",".","."
"22033","East Baton Rouge Parish, LA","2.3","1.6","59","15","0.13","0.085","68","17","3","34","13.3",".",".","."
"22047","Iberville Parish, LA",".",".","41","9","0.12","0.086",".",".",".","26","12.2",".",".","."
"22051","Jefferson Parish, LA",".",".","55","9","0.12","0.086",".",".",".","23","10.3",".",".","."
"22055","Lafayette Parish, LA",".",".",".",".","0.09","0.076",".",".",".","23","10.4",".",".","."
"22057","Lafourche Parish, LA",".",".",".",".","0.1","0.076",".",".",".",".",".",".",".","."
"22063","Livingston Parish, LA",".",".","22","4","0.09","0.084",".",".",".",".",".",".",".","."
"22073","Ouachita Parish, LA",".",".",".",".","0.07","0.065","27","10","3","26","11.2",".",".","."
"22077","Pointe Coupee Parish, LA",".",".",".",".","0.1","0.081",".",".",".",".",".",".",".","."
"22079","Rapides Parish, LA",".",".",".",".",".",".",".",".",".","19","10",".",".","."
"22087","St. Bernard Parish, LA",".",".",".",".","0.09","0.078","349","108","9","24","11","51","27","."
"22089","St. Charles Parish, LA",".",".",".",".","0.11","0.077",".",".",".",".",".",".",".","."
"22093","St. James Parish, LA",".",".",".",".","0.09","0.077",".",".",".",".",".",".",".","."
"22095","St. John the Baptist Parish, LA",".",".",".",".","0.1","0.082",".",".",".",".",".",".",".","."
"22105","Tangipahoa Parish, LA",".",".",".",".",".",".",".",".",".","26","11.3",".",".","."
"22109","Terrebonne Parish, LA",".",".",".",".",".",".",".",".",".","23","9.6",".",".","."
"22121","West Baton Rouge Parish, LA",".",".","51","13","0.1","0.076",".",".","5","25","13","75","37","."
"23001","Androscoggin County, ME",".",".",".",".","0.1","0.081",".",".",".",".",".","33","16","."
"23003","Aroostook County, ME","1.1","0.6","24","3","0.08","0.057","19","6","1",".",".","86","18","."
"23005","Cumberland County, ME","0.4","0.4",".",".","0.11","0.083",".",".",".",".",".","67","24","."
"23009","Hancock County, ME","0.3","0.3",".",".","0.11","0.086","6","4","0",".",".",".",".","."
"23011","Kennebec County, ME",".",".",".",".","0.1","0.079",".",".",".",".",".","36","15","."
"23013","Knox County, ME",".",".",".",".","0.11","0.082",".",".",".",".",".",".",".","."
"23017","Oxford County, ME",".",".",".",".","0.08","0.074",".",".",".",".",".",".",".","."
"23019","Penobscot County, ME",".",".",".",".","0.09","0.075",".",".",".",".",".",".",".","."
"23029","Washington County, ME",".",".",".",".","0.09","0.076",".",".",".",".",".",".",".","."
"23031","York County, ME",".",".",".",".","0.11","0.081",".",".",".",".",".",".",".","."
"24003","Anne Arundel County, MD",".",".",".",".","0.11","0.089",".",".",".",".",".",".",".","."
"24005","Baltimore County, MD","3","2",".","14","0.1","0.083","129","16","4","34","14",".",".","."
"24009","Calvert County, MD",".",".",".",".","0.09","0.079",".",".",".",".",".",".",".","."
"24013","Carroll County, MD",".",".",".",".","0.12","0.089",".",".",".",".",".",".",".","."
"24015","Cecil County, MD",".",".",".",".","0.11","0.092",".",".",".","30","12.4",".",".","."
"24017","Charles County, MD",".",".",".",".","0.11","0.083",".",".",".",".",".",".",".","."
"24021","Frederick County, MD",".",".",".",".","0.1","0.086",".",".",".",".",".",".",".","."
"24023","Garrett County, MD",".","0.3",".",".","0.09","0.076","52","18","4",".",".",".",".","."
"24025","Harford County, MD",".",".",".",".","0.13","0.092",".",".",".","29","12.2",".",".","."
"24029","Kent County, MD",".",".",".",".","0.1","0.083",".",".",".",".",".",".",".","."
"24031","Montgomery County, MD",".",".",".",".",".",".",".",".",".","29","11.7",".",".","."
"24033","Prince George's County, MD","1","0.9","41","11","0.11","0.088","34","10","2","48","14.1",".",".","."
"24043","Washington County, MD",".",".",".",".","0.1","0.081",".",".",".","29","12.9",".",".","."
"24510","Baltimore (City), MD","3.3","2.3",".",".","0.09","0.073",".",".",".","45","15","56","26","."
"25001","Barnstable County, MA",".",".",".",".","0.1","0.082",".",".",".",".",".",".",".","."
"25003","Berkshire County, MA",".",".",".",".","0.1","0.08",".",".",".","29","10.1",".",".","."
"25005","Bristol County, MA",".",".",".",".","0.09","0.075","56","22","3","26","9.2",".",".","."
"25007","Dukes County, MA",".",".",".",".","0.1","0.077",".",".",".",".",".",".",".","."
"25009","Essex County, MA",".",".","43","9","0.12","0.089",".",".",".","28","9.5",".",".","."
"25013","Hampden County, MA","2.1","1.3","47","15","0.13","0.098","32","16","3","30","12.2","35","18","."
"25015","Hampshire County, MA",".",".","29","3","0.13","0.087","15","11","3",".",".",".",".","."
"25017","Middlesex County, MA","2.5","1.6",".",".","0.1","0.087",".",".",".","21","8.4","31","13","."
"25021","Norfolk County, MA",".",".",".",".","0.1","0.088",".",".",".",".",".",".",".","."
"25023","Plymouth County, MA",".",".",".",".",".",".",".",".",".","28","9.6",".",".","."
"25025","Suffolk County, MA","2","1.2","55","21","0.09","0.071","37","15","6","32","11.9","38","22","."
"25027","Worcester County, MA","2.4","1.7","42","16","0.11","0.089","17","12","3","32","11.5","53","20","."
"26005","Allegan County, MI",".",".",".",".","0.12","0.094",".",".",".","32","11.7",".",".","."
"26017","Bay County, MI",".",".",".",".",".",".",".",".",".","25","10.2",".",".","."
"26019","Benzie County, MI",".",".",".",".","0.1","0.082",".",".",".",".",".",".",".","."
"26021","Berrien County, MI",".",".",".",".","0.1","0.086",".",".",".","33","11.5",".",".","."
"26027","Cass County, MI",".",".",".",".","0.09","0.083",".",".",".",".",".",".",".","."
"26037","Clinton County, MI",".",".",".",".","0.09","0.081",".",".",".",".",".",".",".","."
"26049","Genesee County, MI",".",".",".",".","0.09","0.084",".",".",".","25","11.1",".",".","."
"26063","Huron County, MI",".",".",".",".","0.1","0.084",".",".",".",".",".",".",".","."
"26065","Ingham County, MI",".",".",".",".","0.09","0.08",".",".",".","29","11.5",".",".","."
"26077","Kalamazoo County, MI",".",".",".",".","0.09","0.081",".",".",".","29","12.6",".",".","."
"26081","Kent County, MI","1.7","1.1",".",".","0.1","0.085",".",".",".","32","14.7","42","17","."
"26089","Leelanau County, MI",".",".",".",".","0.09","0.079",".",".",".",".",".",".",".","."
"26091","Lenawee County, MI",".",".",".",".","0.09","0.081",".",".",".",".",".",".",".","."
"26099","Macomb County, MI","2","1.3",".",".","0.11","0.093",".",".",".","29","11.9",".",".","."
"26101","Manistee County, MI",".",".",".",".","0.11","0.083",".",".",".","27","8.5",".",".","."
"26105","Mason County, MI",".",".",".",".","0.11","0.083",".",".",".",".",".",".",".","."
"26113","Missaukee County, MI",".",".",".",".","0.09","0.076",".",".",".",".",".",".",".","."
"26115","Monroe County, MI",".",".",".",".",".",".",".",".",".","32","13.1",".",".","."
"26121","Muskegon County, MI",".",".",".",".","0.11","0.086",".",".",".","28","10.5",".",".","."
"26125","Oakland County, MI","1.7","1.1",".",".","0.1","0.086",".",".",".","35","13.3",".",".","."
"26139","Ottawa County, MI",".",".",".",".","0.1","0.088",".",".",".","28","11.7",".",".","."
"26147","St. Clair County, MI",".",".",".",".","0.11","0.089",".",".",".","36","12.4",".",".","."
"26153","Schoolcraft County, MI",".",".",".",".","0.11","0.085",".",".",".",".",".",".",".","."
"26161","Washtenaw County, MI",".",".",".",".","0.09","0.077",".",".",".","35","14.3",".",".","."
"26163","Wayne County, MI","1.9","1.4","48","14","0.11","0.092",".",".","5","37","16.9","117","32","."
"27003","Anoka County, MN","2.3","1.9","43","9","0.08","0.074","23","7","1",".",".",".",".","."
"27005","Becker County, MN",".",".",".",".","0.07","0.061",".",".",".",".",".",".",".","."
"27017","Carlton County, MN",".",".",".",".","0.07","0.062",".",".",".",".",".",".",".","."
"27035","Crow Wing County, MN",".",".",".",".","0.08","0.067",".",".",".",".",".",".",".","."
"27037","Dakota County, MN","1.4","1.1",".","8",".",".","17","7","1","25","9.6",".",".","."
"27049","Goodhue County, MN",".",".",".",".","0.08","0.073",".",".",".",".",".",".",".","."
"27053","Hennepin County, MN","2.5","1.4",".",".",".",".",".",".",".","25","10.2","81","26","."
"27083","Lyon County, MN",".",".",".",".","0.07","0.064",".",".",".",".",".",".",".","."
"27095","Mille Lacs County, MN",".",".",".",".","0.09","0.068",".",".",".","18","6.6",".",".","."
"27109","Olmsted County, MN",".",".",".",".","0.07","0.062",".",".",".","27","10.3",".",".","."
"27123","Ramsey County, MN","2.3","1.8",".",".",".",".",".",".",".","27","10.9","85","29","."
"27137","Saint Louis County, MN","4","1.5",".",".","0.08","0.063",".",".",".","23","7.4","72","25","."
"27139","Scott County, MN",".",".",".",".","0.08","0.07",".",".",".","23","9.4",".",".","."
"27145","Stearns County, MN","3.1","1.4",".",".","0.08","0.069",".",".",".","20","8.3",".",".","."
"27163","Washington County, MN",".",".",".",".","0.08","0.077",".",".",".","26","8.7","45","22","."
"27171","Wright County, MN",".",".",".",".","0.09","0.076",".",".",".",".",".",".",".","."
"28001","Adams County, MS",".",".",".",".","0.08","0.071",".",".",".","23","11.1",".",".","."
"28011","Bolivar County, MS",".",".",".",".","0.09","0.077",".",".",".","28","12.1",".",".","."
"28033","DeSoto County, MS",".",".",".",".","0.11","0.084",".",".",".","27","12.6",".",".","."
"28035","Forrest County, MS",".",".",".",".",".",".",".",".",".","29","14.2",".",".","."
"28047","Harrison County, MS",".",".",".",".","0.1","0.081",".",".",".","25","11.2",".",".","."
"28049","Hinds County, MS",".",".",".",".","0.08","0.071",".",".",".","26","12.8",".",".","."
"28059","Jackson County, MS",".",".",".",".","0.09","0.078","46","7","2","25","11.1",".",".","."
"28067","Jones County, MS",".",".",".",".",".",".",".",".",".","30","14.7",".",".","."
"28075","Lauderdale County, MS",".",".",".",".","0.08","0.072",".",".",".","28","12.8",".",".","."
"28081","Lee County, MS",".",".",".",".","0.09","0.073",".",".",".","31","13.2",".",".","."
"28087","Lowndes County, MS",".",".",".",".",".",".",".",".",".","30","13.4",".",".","."
"28155","Webster County, MS",".",".",".",".","0.08","0.07",".",".",".",".",".",".",".","."
"29021","Buchanan County, MO",".",".",".",".",".",".",".",".",".","28","12.1","65","29","."
"29037","Cass County, MO",".",".",".",".","0.09","0.072",".",".",".","26","10.8",".",".","."
"29039","Cedar County, MO",".",".",".",".","0.08","0.074",".",".",".",".",".",".",".","."
"29047","Clay County, MO",".",".","39","6","0.11","0.089",".",".",".","27","11.1",".",".","."
"29049","Clinton County, MO",".",".",".",".","0.1","0.083",".",".",".",".",".",".",".","."
"29077","Greene County, MO","4","2.1","50","10","0.1","0.08","95","28","3","29","11.8","37","19","."
"29093","Iron County, MO",".",".",".",".",".",".",".",".",".",".",".",".",".","."
"29095","Jackson County, MO",".",".","60","18",".",".","160","61","4","27","12.3",".",".","."
"29097","Jasper County, MO",".",".",".",".",".",".",".",".",".",".",".","146","28","."
"29099","Jefferson County, MO",".",".",".",".","0.1","0.087","382","105","10","33","13.7",".",".","."
"29113","Lincoln County, MO",".",".",".",".","0.11","0.088",".",".",".",".",".",".",".","."
"29137","Monroe County, MO",".",".",".",".","0.09","0.077",".",".",".",".",".","32","14","."
"29157","Perry County, MO",".",".",".",".","0.1","0.082",".",".",".",".",".",".",".","."
"29163","Pike County, MO",".",".",".",".",".",".","43","13","3",".",".",".",".","."
"29183","Saint Charles County, MO",".",".","37","9","0.12","0.089",".",".",".","33","13.2",".",".","."
"29186","Sainte Genevieve County, MO",".",".","20","3","0.11","0.089",".",".",".","31","13.1",".",".","."
"29189","Saint Louis County, MO","1.2","1","46","13","0.11","0.094","44","13","3","32","14.4","42","18","."
"29510","St. Louis City, MO","3.4","2.7","55","14","0.13","0.091","59","15","3","34","14.3","116","40","."
"30003","Big Horn County, MT",".",".",".",".",".",".",".",".",".",".",".","77","25","."
"30013","Cascade County, MT","2.9","1.5",".",".",".",".",".",".",".","37","7.2",".",".","."
"30029","Flathead County, MT","4.1","2.4",".",".","0.06","0.054",".",".",".","41","10.5","115","30","."
"30031","Gallatin County, MT","5","2.4",".",".",".",".",".",".",".","36","9.4",".",".","."
"30035","Glacier County, MT",".",".",".",".",".",".",".",".",".",".",".","80","20","."
"30047","Lake County, MT",".",".",".",".",".",".",".",".",".",".",".","96","19","."
"30049","Lewis and Clark County, MT",".",".",".",".",".",".",".",".",".","46","9.2",".",".","."
"30053","Lincoln County, MT",".",".",".",".",".",".",".",".",".","32","13","77","25","."
"30063","Missoula County, MT","4.3","2.4",".",".",".",".",".",".",".","70","12.6","124","25","."
"30087","Rosebud County, MT",".",".",".",".",".",".",".",".",".",".",".","107","21","."
"30089","Sanders County, MT",".",".",".",".",".",".",".",".",".","20","7.5","72","13","."
"30093","Silver Bow County, MT",".",".",".",".",".",".",".",".",".","48","12.8","160","32","."
"30111","Yellowstone County, MT","4","2.2",".","3","0.07","0.057","87","20","3","20","7.9","55","24","."
"31025","Cass County, NE",".",".",".",".",".",".",".",".",".",".",".","132","30","."
"31055","Douglas County, NE","2.2","2.4",".",".","0.07","0.066","95","25","2","27","9.8","96","41","."
"31079","Hall County, NE",".",".",".",".",".",".",".",".",".","18","8.3",".",".","."
"31109","Lancaster County, NE","4.2","2.6",".",".","0.06","0.054",".",".",".","33","9.1",".",".","."
"31157","Scotts Bluff County, NE",".",".",".",".",".",".",".",".",".","18","7.1",".",".","."
"31177","Washington County, NE",".",".",".",".",".",".",".",".",".","20","8.6",".",".","."
"32001","Churchill County, NV",".",".",".",".","0.08","0.07",".",".",".",".",".",".",".","."
"32003","Clark County, NV","4.6","3.8",".",".","0.1","0.085","6","3","0","23","10.3","127","39","."
"32005","Douglas County, NV","7.5","3.7",".",".",".",".",".",".",".",".",".",".",".","."
"32023","Nye County, NV",".",".",".",".",".",".",".",".",".",".",".","173","25","."
"32031","Washoe County, NV","4.7","3.3","63","19","0.09","0.073",".",".",".","24","8","115","44","."
"32033","White Pine County, NV",".",".",".",".","0.08","0.075",".",".",".",".",".",".",".","."
"32510","Carson City, NV","4.6","2.6",".",".","0.08","0.067",".",".",".",".",".",".",".","."
"33001","Belknap County, NH",".",".",".",".","0.08","0.075",".",".",".","19","6.9",".",".","."
"33005","Cheshire County, NH",".",".",".",".","0.09","0.073",".",".",".","26","10.8",".",".","."
"33007","Coos County, NH",".",".",".",".","0.1","0.085",".",".",".",".",".",".",".","."
"33009","Grafton County, NH",".",".",".",".","0.09","0.072",".",".",".","19","7.9",".",".","."
"33011","Hillsborough County, NH","3.7","2.2","43","11","0.1","0.081","66","18","3","30","10.3","32","14","."
"33013","Merrimack County, NH",".",".",".",".","0.09","0.074","159","59","7","27","9.7",".",".","."
"33015","Rockingham County, NH",".",".","36","7","0.11","0.086","58","16","2","24","8.6","28","12","."
"33019","Sullivan County, NH",".",".",".",".","0.09","0.076",".",".",".","19","9.1",".",".","."
"34001","Atlantic County, NJ",".",".",".",".","0.09","0.078","19","6","1",".",".","47","21","."
"34003","Bergen County, NJ","2.2","1.8",".",".",".",".","22","13","3","35","13.3","59","33","."
"34005","Burlington County, NJ","2.3","1.4",".",".",".",".","25","11","2",".",".",".",".","."
"34007","Camden County, NJ","2.5","2.1","57","18","0.12","0.092","32","15","4","35","13.8","71","34","."
"34011","Cumberland County, NJ",".",".",".",".","0.09","0.083","20","10","3",".",".",".",".","."
"34013","Essex County, NJ",".",".","65","22",".",".",".",".",".","35","13.4",".",".","."
"34015","Gloucester County, NJ",".",".",".",".","0.1","0.089","30","11","3",".",".",".",".","."
"34017","Hudson County, NJ","2.6","1.9",".","20","0.12","0.092","30","16","4","39","15","49","23","."
"34019","Hunterdon County, NJ",".",".",".",".","0.12","0.088",".",".",".",".",".",".",".","."
"34021","Mercer County, NJ",".",".","43","11","0.13","0.094",".",".",".","33","12","48","22","."
"34023","Middlesex County, NJ","2","1.5","51","14","0.11","0.09","20","9","3","30","12.2",".",".","."
"34025","Monmouth County, NJ","2","1.4",".",".","0.12","0.088",".",".",".",".",".",".",".","."
"34027","Morris County, NJ","2.1","1.2","36","7","0.1","0.088","38","13","2","32","11.4",".",".","."
"34029","Ocean County, NJ",".",".",".",".","0.1","0.086",".",".",".","29","10.2",".",".","."
"34031","Passaic County, NJ",".",".",".",".","0.11","0.085",".",".",".","37","13.5",".",".","."
"34039","Union County, NJ","2.9","2","74","27",".",".","45","14","4","35","13.8",".",".","."
"34041","Warren County, NJ",".",".",".",".",".",".",".",".",".","35","13",".",".","."
"35001","Bernalillo County, NM","6.9","3.4","64","15","0.09","0.074",".",".",".","18","6.7","143","38","."
"35005","Chaves County, NM",".",".",".",".",".",".",".",".",".","19","6.6",".",".","."
"35013","Dona Ana County, NM",".",".","51","9","0.09","0.076",".",".",".","15","6.3","274","45","."
"35015","Eddy County, NM",".",".","30","4","0.07","0.066","1","1","0",".",".",".",".","."
"35017","Grant County, NM",".",".",".",".","0.07","0.062","4","1","0",".",".","38","14","."
"35025","Lea County, NM",".",".","44","6","0.07","0.064",".",".",".",".",".",".",".","."
"35029","Luna County, NM",".",".","34","5","0.07","0.062",".",".",".",".",".","116","26","."
"35043","Sandoval County, NM",".","0.5","46","8","0.09","0.071",".",".",".","14","7.6","107","38","."
"35045","San Juan County, NM",".",".","47","16","0.09","0.079","75","8","1","15","6",".",".","."
"35049","Santa Fe County, NM","1.5","0.9",".",".",".",".",".",".",".","11","4.8","30","14","."
"36001","Albany County, NY","1.4","0.9",".",".","0.11","0.075","20","12","3","31","10.1",".",".","."
"36005","Bronx County, NY","2.7","1.9","72","26","0.11","0.076","62","36","8","39","15.6",".",".","."
"36013","Chautauqua County, NY",".",".",".",".","0.1","0.086","43","15","3","32","9.7",".",".","."
"36015","Chemung County, NY",".",".",".",".","0.08","0.072","24","13","3",".",".",".",".","."
"36027","Dutchess County, NY",".",".",".",".","0.11","0.078",".",".",".",".",".",".",".","."
"36029","Erie County, NY","2.1","1.1","106","16","0.1","0.085","134","27","4","35","11.6",".",".","."
"36031","Essex County, NY",".",".",".",".","0.11","0.084","11","5","1","21","5.6",".",".","."
"36033","Franklin County, NY",".",".",".",".","0.08","0.072","8","5","1",".",".","56","13","."
"36041","Hamilton County, NY",".",".",".",".","0.08","0.073","11","5","1",".",".",".",".","."
"36043","Herkimer County, NY",".",".",".",".","0.08","0.075","11","6","1",".",".",".",".","."
"36045","Jefferson County, NY",".",".",".",".","0.09","0.083",".",".",".",".",".",".",".","."
"36047","Kings County, NY","1.2","0.8",".",".",".",".",".",".",".","34","13.9",".",".","."
"36053","Madison County, NY",".",".",".",".","0.08","0.077","20","12","2",".",".",".",".","."
"36055","Monroe County, NY","1.7","1.1",".",".","0.09","0.081","72","23","4","31","9.9",".",".","."
"36059","Nassau County, NY",".",".",".","18",".",".","33","16","4",".",".",".",".","."
"36061","New York County, NY","2.3","1.4","79","34",".",".","50","29","10","37","16.1",".",".","."
"36063","Niagara County, NY","1.3","0.9",".",".","0.1","0.082","26","10","3","31","10.9",".",".","."
"36065","Oneida County, NY",".",".",".",".","0.08","0.072",".",".",".",".",".",".",".","."
"36067","Onondaga County, NY","1.9","1.2",".",".","0.09","0.081","16","8","2",".",".",".",".","."
"36071","Orange County, NY",".",".",".",".","0.13","0.083",".",".",".","30","10.6",".",".","."
"36075","Oswego County, NY",".",".",".",".","0.09","0.078",".",".",".",".",".",".",".","."
"36079","Putnam County, NY",".",".",".",".","0.11","0.085","18","8","2",".",".",".",".","."
"36081","Queens County, NY","3.1","2.4","68","23","0.09","0.075","35","20","5","32","11.4",".",".","."
"36083","Rensselaer County, NY",".",".",".",".","0.09","0.078","15","9","2",".",".",".",".","."
"36085","Richmond County, NY",".",".",".",".","0.1","0.082",".",".",".","33","13",".",".","."
"36089","St. Lawrence County, NY",".",".",".",".",".",".",".",".",".","19","5.9",".",".","."
"36091","Saratoga County, NY",".",".",".",".","0.1","0.081",".",".",".",".",".",".",".","."
"36093","Schenectady County, NY","2.4","1.7",".",".","0.1","0.067","20","11","2",".",".",".",".","."
"36101","Steuben County, NY",".",".",".",".","0.08","0.075","26","13","2","27","8.1",".",".","."
"36103","Suffolk County, NY","1.8","1","42","10","0.11","0.086","40","21","5","29","10.9",".",".","."
"36111","Ulster County, NY",".",".",".",".","0.08","0.072","14","9","1",".",".",".",".","."
"36117","Wayne County, NY",".",".",".",".","0.09","0.078",".",".",".",".",".",".",".","."
"36119","Westchester County, NY",".",".",".",".","0.13","0.094",".",".",".","31","11.7",".",".","."
"37001","Alamance County, NC",".",".",".",".",".",".",".",".",".","32","13.1",".",".","."
"37003","Alexander County, NC",".",".",".",".","0.1","0.081",".",".",".",".",".",".",".","."
"37011","Avery County, NC",".",".",".",".","0.08","0.068",".",".",".",".",".",".",".","."
"37013","Beaufort County, NC",".",".",".",".",".",".","34","7","1",".",".",".",".","."
"37021","Buncombe County, NC",".",".",".",".","0.09","0.073",".",".",".","28","12.8",".",".","."
"37027","Caldwell County, NC",".",".",".",".","0.09","0.077",".",".",".",".",".",".",".","."
"37033","Caswell County, NC","1.7","0.7",".",".","0.1","0.082",".",".",".","29","12.3",".",".","."
"37035","Catawba County, NC",".",".",".",".",".",".",".",".",".","31","14.6","43","23","."
"37037","Chatham County, NC",".",".",".",".","0.09","0.075",".",".",".","26","11.7",".",".","."
"37051","Cumberland County, NC","3.1","2.3",".",".","0.1","0.082",".",".",".","30","13.6","36","19","."
"37057","Davidson County, NC",".",".",".",".",".",".",".",".",".","31","14.6",".",".","."
"37059","Davie County, NC",".",".",".",".","0.1","0.085",".",".",".",".",".",".",".","."
"37061","Duplin County, NC",".",".",".",".",".",".",".",".",".","25","10",".",".","."
"37063","Durham County, NC",".","0.7",".",".","0.1","0.08",".",".",".",".",".","35","20","."
"37065","Edgecombe County, NC",".",".",".",".","0.09","0.08",".",".",".","25","11.6",".",".","."
"37067","Forsyth County, NC","2.4","1.8","54","11","0.11","0.083","67","21","5","31","13.6","54","20","."
"37069","Franklin County, NC",".",".",".",".","0.1","0.08",".",".",".",".",".",".",".","."
"37071","Gaston County, NC",".",".",".",".",".",".",".",".",".","30","13.4",".",".","."
"37077","Granville County, NC",".",".",".",".","0.1","0.083",".",".",".",".",".",".",".","."
"37081","Guilford County, NC","2.4","2",".",".","0.11","0.086",".",".",".","33","13.6","35","20","."
"37087","Haywood County, NC",".",".",".",".","0.09","0.077",".",".",".","27","12.6",".",".","."
"37089","Henderson County, NC",".",".",".",".",".",".",".",".",".",".",".","35","21","."
"37099","Jackson County, NC",".",".",".",".","0.09","0.08",".",".",".","30","12.5",".",".","."
"37101","Johnston County, NC",".",".",".",".","0.09","0.078",".",".",".",".",".",".",".","."
"37107","Lenoir County, NC",".",".",".",".","0.09","0.077",".",".",".","25","10.4",".",".","."
"37109","Lincoln County, NC",".",".",".",".","0.11","0.085",".",".",".",".",".",".",".","."
"37111","McDowell County, NC",".",".",".",".",".",".",".",".",".","29","14",".",".","."
"37117","Martin County, NC",".",".",".",".","0.08","0.075","21","8","2","21","10",".",".","."
"37119","Mecklenburg County, NC","2.7","2","54","14","0.13","0.096","82","13","3","31","14","59","31","."
"37121","Mitchell County, NC",".",".",".",".",".",".",".",".",".","32","13.5",".",".","."
"37123","Montgomery County, NC",".",".",".",".",".",".",".",".",".","26","12.1",".",".","."
"37129","New Hanover County, NC",".",".",".",".","0.08","0.071","106","27","6","25","9",".",".","."
"37133","Onslow County, NC",".",".",".",".",".",".",".",".",".","22","9.5","30","17","."
"37135","Orange County, NC",".",".",".",".",".",".",".",".",".","27","12.4",".",".","."
"37145","Person County, NC",".",".",".",".","0.09","0.079",".",".",".",".",".",".",".","."
"37147","Pitt County, NC",".",".",".",".","0.09","0.079",".",".",".","24","11.2",".",".","."
"37155","Robeson County, NC",".",".",".",".",".",".",".",".",".","30","13",".",".","."
"37157","Rockingham County, NC",".",".",".",".","0.1","0.082",".",".",".",".",".",".",".","."
"37159","Rowan County, NC","1.2","0.7",".",".","0.11","0.096",".",".",".","30","13.6",".",".","."
"37173","Swain County, NC",".",".",".",".","0.08","0.066","7","4","1","31","13.3","37","19","."
"37179","Union County, NC",".",".",".",".","0.1","0.082",".",".",".",".",".",".",".","."
"37183","Wake County, NC","2.8","2.1",".",".","0.1","0.084","21","6","1","33","14","57","19","."
"37189","Watauga County, NC",".",".",".",".",".",".",".",".",".","27","11.6",".",".","."
"37191","Wayne County, NC",".",".",".",".",".",".",".",".",".","25","11.5","31","18","."
"37199","Yancey County, NC",".",".",".",".","0.1","0.079",".",".",".",".",".",".",".","."
"38007","Billings County, ND",".",".",".",".","0.07","0.064","7","2","0",".",".",".",".","."
"38013","Burke County, ND",".",".","15","1","0.07","0.059","32","10","1",".",".","43","10","."
"38015","Burleigh County, ND",".",".","37","6","0.07","0.058","31","8","1","17","7.3","44","15","."
"38017","Cass County, ND",".",".","36","5","0.06","0.055","5","2","0","15","7.5","51","14","."
"38025","Dunn County, ND",".",".","12","1","0.07","0.058","10","2","0",".",".","41","13","."
"38053","McKenzie County, ND",".",".","7","0","0.08","0.065","25","4","1",".",".","20","8","."
"38055","McLean County, ND",".",".",".",".",".",".","17","6","1",".",".","16","8","."
"38057","Mercer County, ND",".",".","23","3","0.07","0.059","40","9","1","14","6.6","39","13","."
"38065","Oliver County, ND",".",".","21","2","0.07","0.059","63","10","1",".",".",".",".","."
"38105","Williams County, ND",".",".",".",".",".",".","25","7","1",".",".",".",".","."
"39001","Adams County, OH",".",".",".",".",".",".","74","21","4",".",".",".",".","."
"39003","Allen County, OH",".",".",".",".","0.09","0.078","19","11","2",".",".","35","23","."
"39007","Ashtabula County, OH",".",".",".",".","0.11","0.092","31","14","3",".",".",".",".","."
"39009","Athens County, OH",".",".","29","6","0.09","0.08","88","20","5","37","13",".",".","."
"39017","Butler County, OH",".",".",".",".","0.11","0.091","59","15","4","37","15.4","55","26","."
"39023","Clark County, OH",".",".",".",".","0.1","0.078","31","12","2","37","14.6",".",".","."
"39025","Clermont County, OH",".",".",".",".","0.1","0.086",".",".",".","34","14",".",".","."
"39027","Clinton County, OH",".",".",".",".","0.1","0.082",".",".",".",".",".",".",".","."
"39029","Columbiana County, OH",".",".",".",".",".",".","128","23","4",".",".","58","28","."
"39035","Cuyahoga County, OH","6.7","2.9","61","20","0.11","0.083","85","29","8","39","15.8","100","34","."
"39041","Delaware County, OH",".",".",".",".","0.1","0.08",".",".",".",".",".",".",".","."
"39049","Franklin County, OH","2.3","1.6",".",".","0.1","0.087","33","12","3","36","14.7","76","36","."
"39051","Fulton County, OH",".",".",".",".",".",".",".",".",".",".",".",".",".","."
"39055","Geauga County, OH",".",".",".",".","0.08","0.068",".",".",".",".",".",".",".","."
"39057","Greene County, OH",".",".",".",".","0.09","0.077",".",".",".","33","13.3","38","18","."
"39061","Hamilton County, OH","4.1","2.8","56","17","0.11","0.089","99","22","5","37","16.6","49","26","."
"39063","Hancock County, OH",".",".",".",".",".",".",".",".",".",".",".","35","22","."
"39081","Jefferson County, OH","9.7","4.9",".",".","0.09","0.079","168","57","6","44","16.2","58","29","."
"39083","Knox County, OH",".",".",".",".","0.09","0.08",".",".",".",".",".",".",".","."
"39085","Lake County, OH","1.8","1.5",".",".","0.09","0.079","176","53","8","33","13.6","52","19","."
"39087","Lawrence County, OH",".",".",".",".","0.11","0.082","47","17","3","35","15","38","21","."
"39089","Licking County, OH",".",".",".",".","0.1","0.078",".",".",".",".",".",".",".","."
"39091","Logan County, OH",".",".",".",".",".",".",".",".",".",".",".",".",".","."
"39093","Lorain County, OH",".",".",".",".","0.09","0.078",".",".",".",".",".","47","20","."
"39095","Lucas County, OH",".",".",".",".","0.11","0.081","75","25","6","35","14.9","94","24","."
"39097","Madison County, OH",".",".",".",".","0.1","0.083",".",".",".",".",".",".",".","."
"39099","Mahoning County, OH",".",".",".",".","0.1","0.078","58","17","5","34","14.2","50","22","."
"39103","Medina County, OH",".",".",".",".","0.08","0.069",".",".",".","29","12.7",".",".","."
"39105","Meigs County, OH",".",".",".",".",".",".","84","20","4",".",".",".",".","."
"39109","Miami County, OH",".",".",".",".","0.09","0.073",".",".",".",".",".",".",".","."
"39113","Montgomery County, OH","4.2","1.6",".",".","0.09","0.074",".",".",".","37","15.6","59","27","."
"39115","Morgan County, OH",".",".",".",".",".",".","229","39","6",".",".",".",".","."
"39133","Portage County, OH",".",".",".",".","0.1","0.084",".",".",".","31","13.7",".",".","."
"39135","Preble County, OH",".",".",".",".","0.09","0.073",".",".",".","34","13.6",".",".","."
"39145","Scioto County, OH",".",".",".",".",".",".","42","14","4","38","14","83","26","."
"39151","Stark County, OH","2.1","1.7",".",".","0.11","0.087",".",".",".",".",".",".",".","."
"39153","Summit County, OH","2.5","1.4",".",".","0.1","0.09","57","17","4","33","15.4",".",".","."
"39155","Trumbull County, OH",".",".",".",".","0.1","0.084",".",".",".","32","14.2","45","20","."
"39157","Tuscarawas County, OH",".",".",".",".",".",".","75","26","6",".",".",".",".","."
"39165","Warren County, OH",".",".",".",".","0.11","0.088",".",".",".","34","14",".",".","."
"39167","Washington County, OH",".",".",".",".","0.1","0.086",".",".",".",".",".",".",".","."
"39173","Wood County, OH",".",".",".",".","0.1","0.083",".",".",".",".",".",".",".","."
"39175","Wyandot County, OH",".",".",".",".",".",".",".",".",".",".",".","65","29","."
"40001","Adair County, OK",".",".",".",".","0.09","0.072",".",".",".",".",".",".",".","."
"40017","Canadian County, OK",".",".",".",".","0.08","0.071",".",".",".",".",".",".",".","."
"40019","Carter County, OK",".",".",".",".","0.09","0.078",".",".",".",".",".",".",".","."
"40021","Cherokee County, OK","1","0.3","35","6","0.09","0.072",".",".",".","30","13.2","65","21","."
"40027","Cleveland County, OK",".",".",".",".","0.08","0.071",".",".",".",".",".",".",".","."
"40031","Comanche County, OK",".",".",".",".","0.08","0.073",".",".",".",".",".",".",".","."
"40033","Cotton County, OK",".",".",".",".","0.08","0.074",".",".",".",".",".",".",".","."
"40037","Creek County, OK",".",".",".",".","0.1","0.071",".",".",".",".",".",".",".","."
"40043","Dewey County, OK",".",".",".",".","0.08","0.069",".",".",".",".",".",".",".","."
"40071","Kay County, OK","11.7","8.4",".",".","0.08","0.07","37","13","3","29","11.4",".",".","."
"40087","McClain County, OK",".",".",".",".","0.08","0.069",".",".",".",".",".",".",".","."
"40097","Mayes County, OK",".",".",".",".","0.09","0.073",".",".",".","29","12.1",".",".","."
"40101","Muskogee County, OK",".",".",".",".",".",".","45","11","2","34","12.6","96","27","."
"40109","Oklahoma County, OK","3.1","2.2","52","10","0.09","0.076","7","4","2","27","11.7","51","22","."
"40113","Osage County, OK",".",".",".",".",".",".","45","21","3",".",".",".",".","."
"40115","Ottawa County, OK",".",".",".",".","0.08","0.073",".",".",".","31","13","83","23","."
"40121","Pittsburg County, OK",".",".",".",".","0.09","0.071",".",".",".","28","12",".",".","."
"40135","Sequoyah County, OK",".",".",".",".","0.09","0.07",".",".",".",".",".","59","22","."
"40143","Tulsa County, OK","3","1.8",".","10","0.11","0.075","60","30","5","28","12.2","90","27","."
"41005","Clackamas County, OR",".",".",".",".","0.08","0.058",".",".",".",".",".",".",".","."
"41009","Columbia County, OR",".",".",".",".","0.08","0.056",".",".",".",".",".",".",".","."
"41017","Deschutes County, OR",".",".",".",".",".",".",".",".",".",".",".","40","17","."
"41025","Harney County, OR",".",".",".",".",".",".",".",".",".","36","9.5",".",".","."
"41029","Jackson County, OR","4.3","2.7",".",".","0.08","0.066",".",".",".","33","9.7","78","22","."
"41033","Josephine County, OR",".",".",".",".",".",".",".",".",".","29","8.2","39","13","."
"41035","Klamath County, OR",".",".",".",".",".",".",".",".",".","40","10.8","71","22","."
"41037","Lake County, OR",".",".",".",".",".",".",".",".",".","38","8.1",".",".","."
"41039","Lane County, OR","3.1","2.1",".",".","0.08","0.06",".",".",".","43","10.5","69","16","."
"41047","Marion County, OR",".",".",".",".","0.07","0.06",".",".",".",".",".",".",".","."
"41051","Multnomah County, OR","3.9","2.7",".",".","0.08","0.056","8","5","1","29","8.1","48","22","."
"41059","Umatilla County, OR",".",".",".","7","0.07","0.066",".",".",".",".",".",".",".","."
"41061","Union County, OR",".",".",".",".",".",".",".",".",".","15","6.4",".",".","."
"41067","Washington County, OR",".",".",".",".",".",".",".",".",".","31","8.2",".",".","."
"42001","Adams County, PA","0.9","0.6",".",".","0.09","0.081",".",".",".","31","12.3",".",".","."
"42003","Allegheny County, PA","5.7","3.2","60","19","0.11","0.086","192","64","9","55","19.6","119","36","."
"42005","Armstrong County, PA",".",".",".",".","0.11","0.083",".",".",".",".",".",".",".","."
"42007","Beaver County, PA","1.8","0.9","44","14","0.1","0.08","153","36","9","35","16.5","88","27","."
"42011","Berks County, PA",".","0.6",".",".",".",".",".",".",".",".",".","43","21","."
"42013","Blair County, PA","1.6","1","50","11","0.08","0.071","56","22","6",".",".","68","18","."
"42017","Bucks County, PA","2.1","1.2","42","13","0.14","0.102","34","21","6",".",".","48","17","."
"42021","Cambria County, PA","3.1","1.9","44","12","0.09","0.072","68","26","6",".",".","63","21","."
"42027","Centre County, PA",".",".","34","7","0.09","0.074","27","11","2","33","11.9",".",".","."
"42029","Chester County, PA",".",".",".",".","0.1","0.081",".",".",".",".",".",".",".","."
"42033","Clearfield County, PA",".",".",".",".","0.08","0.072",".",".",".",".",".",".",".","."
"42041","Cumberland County, PA",".",".",".",".",".",".",".",".",".","35","13.7",".",".","."
"42043","Dauphin County, PA","1.6","1.2","47","14","0.11","0.082","60","15","5","36","14.3","53","20","."
"42045","Delaware County, PA",".",".","50","15","0.1","0.086",".",".",".","35","15","46","19","."
"42049","Erie County, PA","1.4","1","48","11","0.1","0.084","38","21","9","35","12.1","56","16","."
"42055","Franklin County, PA",".",".",".",".","0.09","0.077",".",".",".",".",".",".",".","."
"42059","Greene County, PA","1","0.6",".",".","0.09","0.078",".",".",".",".",".",".",".","."
"42063","Indiana County, PA",".",".","31","6","0.09","0.079","88","29","7",".",".",".",".","."
"42069","Lackawanna County, PA","2.2","1.5","47","11","0.09","0.078","33","18","4","32","11.3","49","17","."
"42071","Lancaster County, PA","1.7","1.3","42","12","0.1","0.083","65","18","5","40","15.4","51","19","."
"42073","Lawrence County, PA","1.6","1","47","15","0.09","0.075","103","27","8",".",".","82","27","."
"42077","Lehigh County, PA",".",".","44","12","0.1","0.081","41","19","5",".",".","45","15","."
"42079","Luzerne County, PA","2.4","1.6","47","11","0.09","0.077","40","16","4",".",".","57","19","."
"42081","Lycoming County, PA",".",".",".",".","0.09","0.077","46","15","3",".",".",".",".","."
"42085","Mercer County, PA",".",".",".",".","0.1","0.083","46","15","5","35","13.2",".",".","."
"42089","Monroe County, PA",".",".",".",".","0.09","0.075",".",".",".",".",".",".",".","."
"42091","Montgomery County, PA","1.4","1.1","50","14","0.1","0.084","26","14","5","30","13.1","48","16","."
"42095","Northampton County, PA","4","2.4","44","12","0.11","0.083","215","63","8","38","13.3","70","21","."
"42099","Perry County, PA",".",".","22","4","0.09","0.073","29","11","2",".",".",".",".","."
"42101","Philadelphia County, PA","5.6","5.5","64","23","0.13","0.095","38","18","4","40","14.4","59","26","."
"42107","Schuylkill County, PA","1.9","1.4",".",".",".",".","48","20","6",".",".",".",".","."
"42117","Tioga County, PA",".",".",".",".","0.08","0.074",".",".",".",".",".",".",".","."
"42123","Warren County, PA",".",".",".",".",".",".","153","49","9",".",".",".",".","."
"42125","Washington County, PA","1.6","1.4","46","13","0.1","0.077","90","25","10","41","16.5","61","21","."
"42129","Westmoreland County, PA","1.5","0.9","40","11","0.1","0.079","61","23","5","38","15.3","61","27","."
"42133","York County, PA","2.5","1.4","53","15","0.11","0.084","107","23","5","37","15.7","58","22","."
"44003","Kent County, RI",".",".",".",".","0.1","0.089",".",".",".","26","8.5","24","10","."
"44007","Providence County, RI","4.5","2.5","49","14","0.1","0.088","32","18","4","31","11.7","52","19","."
"44009","Washington County, RI",".",".",".",".","0.1","0.083",".",".",".",".",".",".",".","."
"45001","Abbeville County, SC",".",".",".",".","0.1","0.083",".",".",".",".",".",".",".","."
"45003","Aiken County, SC",".",".","23","3","0.1","0.082",".",".",".",".",".","48","22","."
"45011","Barnwell County, SC",".",".",".","2","0.08","0.073","15","5","1",".",".","45","21","."
"45015","Berkeley County, SC",".",".",".",".","0.08","0.064",".",".",".",".",".",".",".","."
"45019","Charleston County, SC","0.9","0.5",".","8","0.08","0.069","34","11","2","27","10.9","57","19","."
"45021","Cherokee County, SC",".",".",".",".","0.08","0.067",".",".",".",".",".",".",".","."
"45023","Chester County, SC",".",".",".",".","0.09","0.074",".",".",".",".",".",".",".","."
"45025","Chesterfield County, SC",".",".",".",".","0.09","0.073",".",".",".","26","12.3",".",".","."
"45029","Colleton County, SC",".",".",".",".","0.09","0.072",".",".",".",".",".",".",".","."
"45031","Darlington County, SC",".",".",".",".","0.08","0.073",".",".",".",".",".",".",".","."
"45037","Edgefield County, SC",".",".",".",".","0.08","0.073",".",".",".","29","12.4",".",".","."
"45041","Florence County, SC",".",".",".",".",".",".",".",".",".","32","12.4",".",".","."
"45043","Georgetown County, SC",".",".",".",".",".",".","33","7","1",".",".","73","33","."
"45045","Greenville County, SC","2.3","1.5","48","12",".",".","21","9","2","30","14.6","46","21","."
"45047","Greenwood County, SC",".",".",".",".",".",".",".",".",".","29","12.9",".",".","."
"45051","Horry County, SC",".",".",".",".",".",".",".",".",".",".",".",".",".","."
"45063","Lexington County, SC",".",".",".",".",".",".","95","17","3","30","13.4","100","37","."
"45073","Oconee County, SC",".",".",".",".","0.09","0.076","18","6","1","28","11.1",".",".","."
"45077","Pickens County, SC",".",".",".",".","0.1","0.081",".",".",".",".",".",".",".","."
"45079","Richland County, SC","2.9","1.9","47","11","0.1","0.084","46","8","2","32","14.5","55","25","."
"45083","Spartanburg County, SC",".",".",".",".","0.1","0.083",".",".",".","29","13.5","46","24","."
"45087","Union County, SC",".",".",".",".","0.09","0.076",".",".",".",".",".",".",".","."
"45089","Williamsburg County, SC",".",".",".",".","0.08","0.071",".",".",".",".",".",".",".","."
"45091","York County, SC",".",".",".",".","0.1","0.08",".",".",".",".",".","43","26","."
"46011","Brookings County, SD",".",".",".",".",".",".",".",".",".",".",".","49","24","."
"46013","Brown County, SD",".",".",".",".",".",".",".",".",".","17","8","49","19","."
"46029","Codington County, SD",".",".",".",".",".",".",".",".",".","21","8.9","65","23","."
"46033","Custer County, SD",".",".",".","1","0.08","0.069",".",".",".","18","6.2","42","9","."
"46071","Jackson County, SD",".",".","4","0","0.07","0.064","3","2","1","12","5.5","39","11","."
"46093","Meade County, SD",".",".",".",".","0.06","0.053",".",".",".",".",".","41","17","."
"46099","Minnehaha County, SD",".",".","32","4","0.07","0.062","14","11","0","28","9.6","49","22","."
"46103","Pennington County, SD",".",".",".",".",".",".",".",".",".","19","8.3","105","35","."
"47001","Anderson County, TN",".",".",".",".","0.1","0.08",".",".",".",".",".",".",".","."
"47009","Blount County, TN","0.7","0.4",".",".","0.1","0.088","213","67","12","39","15.2",".",".","."
"47011","Bradley County, TN",".",".","37","10",".",".","68","45","6",".",".","45","24","."
"47037","Davidson County, TN","2.9","2.1","57","18","0.09","0.08","25","10","3","40","14.9","57","27","."
"47045","Dyer County, TN",".",".",".",".",".",".",".",".",".","29","12.1",".",".","."
"47065","Hamilton County, TN",".",".",".",".","0.11","0.089",".",".",".","35","15.5","44","21","."
"47073","Hawkins County, TN",".",".",".",".",".",".","211","35","4",".",".",".",".","."
"47089","Jefferson County, TN",".",".",".",".","0.11","0.085",".",".",".",".",".",".",".","."
"47093","Knox County, TN",".",".",".",".","0.12","0.092",".",".",".","35","15.5","52","27","."
"47099","Lawrence County, TN",".",".",".",".","0.09","0.079",".",".",".","40","12.6",".",".","."
"47105","Loudon County, TN",".",".",".",".","0.11","0.088",".",".",".","36","16.1",".",".","."
"47107","McMinn County, TN",".",".","50","12",".",".","91","18","6","36","15.5","62","36","."
"47113","Madison County, TN",".",".",".",".",".",".",".",".",".","38","13.2",".",".","."
"47119","Maury County, TN",".",".",".",".",".",".",".",".",".","31","13.4",".",".","."
"47121","Meigs County, TN",".",".",".",".","0.1","0.083",".",".",".",".",".",".",".","."
"47125","Montgomery County, TN",".",".",".",".",".",".","105","18","6","35","13.3","51","25","."
"47141","Putnam County, TN",".",".",".","2","0.09","0.076",".",".",".",".",".",".",".","."
"47145","Roane County, TN",".",".",".",".",".",".",".",".",".","33","14.9","48","28","."
"47149","Rutherford County, TN",".",".",".",".","0.1","0.089",".",".",".",".",".",".",".","."
"47155","Sevier County, TN",".",".",".",".","0.1","0.086","22","6","1",".",".",".",".","."
"47157","Shelby County, TN","2.9","2",".",".","0.1","0.081","76","26","6","35","13.5","57","26","."
"47163","Sullivan County, TN","2.5","1.2","46","11","0.11","0.09","137","35","6","34","14.6",".",".","."
"47165","Sumner County, TN",".",".",".",".","0.1","0.085","40","12","2","37","13.7",".",".","."
"47173","Union County, TN",".",".",".",".",".",".",".",".",".",".",".","114","36","."
"47187","Williamson County, TN",".",".",".",".","0.1","0.085",".",".",".",".",".",".",".","."
"47189","Wilson County, TN",".",".",".",".","0.1","0.085",".",".",".",".",".",".",".","."
"48029","Bexar County, TX","2.7","1.6","54","15","0.09","0.074",".",".",".",".",".","104","23","."
"48037","Bowie County, TX",".",".",".",".",".",".",".",".",".","27","12.4",".",".","."
"48039","Brazoria County, TX",".",".","24","8","0.12","0.086",".",".",".",".",".",".",".","."
"48043","Brewster County, TX",".",".",".",".","0.07","0.068",".",".",".",".",".",".",".","."
"48061","Cameron County, TX","2.1","1.1",".",".","0.07","0.058",".",".",".","29","10.8","112","26","."
"48085","Collin County, TX",".",".",".",".","0.1","0.08",".",".",".",".",".",".",".","."
"48113","Dallas County, TX","2.2","1.5","56","16","0.1","0.08","10","3","0","25","12.4",".",".","."
"48121","Denton County, TX",".",".","35","9","0.12","0.089",".",".",".",".",".",".",".","."
"48135","Ector County, TX",".",".",".",".",".",".",".",".",".","18","8.7",".",".","."
"48139","Ellis County, TX",".",".","41","9","0.1","0.076","96","20","2","21","11.4",".",".","."
"48141","El Paso County, TX","5.7","3.2","71","18","0.1","0.078","10","4","1","47","18.1","179","46","."
"48167","Galveston County, TX",".",".",".","6","0.12",".","38","11","2",".",".",".",".","."
"48183","Gregg County, TX",".",".","28","7","0.11","0.081","103","13","1",".",".",".",".","."
"48201","Harris County, TX","3.5","2.5","62","17","0.13","0.09","62","17","3","33","15.6","190","57","."
"48203","Harrison County, TX",".",".","19","4","0.08","0.069",".",".",".","24","11.5","31","17","."
"48209","Hays County, TX",".",".",".",".","0.08","0.064",".",".",".",".",".",".",".","."
"48215","Hidalgo County, TX",".",".",".",".","0.07","0.06",".",".",".","24","10.9","84","26","."
"48221","Hood County, TX",".",".",".",".","0.1","0.081",".",".",".",".",".",".",".","."
"48231","Hunt County, TX",".",".","31","5","0.08","0.069",".",".",".",".",".",".",".","."
"48245","Jefferson County, TX","1.2","0.6","31","9","0.11","0.082","90","27","3","27","11.8",".",".","."
"48251","Johnson County, TX",".",".",".",".","0.11","0.087",".",".",".",".",".",".",".","."
"48257","Kaufman County, TX",".",".","30","4","0.09","0.074","15","4","1",".",".",".",".","."
"48309","McLennan County, TX",".","0.5",".",".","0.08","0.072",".",".",".",".",".",".",".","."
"48339","Montgomery County, TX",".",".","34","6","0.09","0.076",".",".",".",".",".",".",".","."
"48355","Nueces County, TX",".",".",".",".","0.08","0.07","27","6","1","29","10.7","72","26","."
"48361","Orange County, TX",".",".","34","6","0.1","0.075",".",".",".",".",".",".",".","."
"48367","Parker County, TX",".",".",".",".","0.11","0.088",".",".",".",".",".",".",".","."
"48375","Potter County, TX",".",".",".",".",".",".",".",".",".","15","6.1",".",".","."
"48397","Rockwall County, TX",".",".",".",".","0.09","0.074",".",".",".",".",".",".",".","."
"48423","Smith County, TX",".",".","26","4","0.09","0.077",".",".",".",".",".",".",".","."
"48439","Tarrant County, TX","2.1","1.2","58","15","0.12","0.089",".",".",".","26","11.7","43","20","."
"48453","Travis County, TX","0.9","0.5","25","3","0.09","0.076",".",".",".","21","9.7","41","20","."
"48469","Victoria County, TX",".",".",".",".","0.07","0.066",".",".",".",".",".",".",".","."
"48479","Webb County, TX","3.9","2.2",".",".","0.07","0.059",".",".",".",".",".","119","29","."
"49003","Box Elder County, UT",".",".",".",".","0.1","0.078",".",".",".","34","8.8",".",".","."
"49005","Cache County, UT",".",".","46","12","0.09","0.074",".",".",".","47","10.2","66","21","."
"49011","Davis County, UT",".",".","72","20","0.1","0.082","28","7","1","45","11.6","82","28","."
"49035","Salt Lake County, UT","8.6","3.4","70","23","0.12","0.082","33","8","3","64","12.5","172","46","."
"49037","San Juan County, UT",".",".",".",".","0.08","0.072",".",".",".",".",".",".",".","."
"49045","Tooele County, UT",".",".",".",".","0.09","0.076",".",".",".","23","7.2",".",".","."
"49047","Uintah County, UT",".",".",".",".","0.08","0.063",".",".",".",".",".",".",".","."
"49049","Utah County, UT","3.8","2.5","63","21","0.1","0.078",".",".",".","65","11.8","112","28","."
"49053","Washington County, UT",".",".",".",".","0.08","0.071",".",".",".",".",".",".",".","."
"49057","Weber County, UT","19.5","5.7","65","25","0.11","0.082",".",".",".","50","11.7","118","28","."
"50003","Bennington County, VT",".",".",".",".","0.09","0.077",".",".",".","26","8.3",".",".","."
"50007","Chittenden County, VT","1.9","1.2","44","11","0.08","0.077",".",".",".","28","8.9","31","13","."
"50021","Rutland County, VT","3.2","1.7","44","10",".",".","47","24","5","28","10.9","29","14","."
"51013","Arlington County, VA","1.8","1.5","55","16","0.11","0.088",".",".",".","30","13.9",".",".","."
"51033","Caroline County, VA",".",".",".",".","0.1","0.078",".",".",".",".",".",".",".","."
"51035","Carroll County, VA",".",".",".",".",".",".",".",".",".",".",".","37","19","."
"51036","Charles County, VA",".",".","62","7","0.1","0.084","94","15","4","31","11.9",".",".","."
"51041","Chesterfield County, VA",".",".",".",".","0.09","0.077",".",".",".","31","13",".",".","."
"51047","Culpeper County, VA",".",".",".",".",".",".",".",".",".",".",".","36","19","."
"51059","Fairfax County, VA","2.1","1.6","52","14","0.11","0.088","35","13","5","32","13.5","52","20","."
"51061","Fauquier County, VA",".",".",".",".","0.08","0.069",".",".",".",".",".",".",".","."
"51069","Frederick County, VA",".",".",".",".","0.09","0.072",".",".",".",".",".","67","34","."
"51085","Hanover County, VA",".",".",".",".","0.1","0.079",".",".",".",".",".",".",".","."
"51087","Henrico County, VA",".",".",".",".","0.11","0.085",".",".",".","32","12.8",".",".","."
"51101","King William County, VA",".",".",".",".",".",".",".",".",".",".",".","36","18","."
"51107","Loudoun County, VA",".",".","45","11","0.1","0.086",".",".",".","28","12.8",".",".","."
"51113","Madison County, VA",".",".",".",".","0.08","0.073",".",".",".",".",".",".",".","."
"51139","Page County, VA",".",".",".",".","0.08","0.069",".",".",".","30","12.5",".",".","."
"51153","Prince William County, VA",".",".",".","7","0.09","0.076",".",".",".",".",".",".",".","."
"51161","Roanoke County, VA",".",".",".","10","0.09","0.076",".",".",".",".",".",".",".","."
"51163","Rockbridge County, VA",".",".",".",".","0.08","0.065",".",".",".",".",".",".",".","."
"51165","Rockingham County, VA",".",".","41","11","0.08","0.069","11","4","1","32","13.7",".",".","."
"51179","Stafford County, VA",".",".",".",".","0.1","0.085",".",".",".",".",".",".",".","."
"51187","Warren County, VA",".",".",".",".",".",".",".",".",".",".",".","32","19","."
"51197","Wythe County, VA",".",".",".",".","0.08","0.072",".",".",".",".",".",".",".","."
"51510","Alexandria City, VA","2.1","1.4",".","18","0.1","0.084","42","12","3",".",".",".",".","."
"51520","Bristol City, VA",".",".",".",".",".",".",".",".",".","28","13.9",".",".","."
"51540","Charlottesville City, VA",".",".",".",".",".",".",".",".",".",".",".","40","21","."
"51630","Fredericksburg City, VA",".",".",".",".",".",".",".",".",".",".",".","39","19","."
"51650","Hampton City, VA","1.9","1.1",".",".","0.09","0.076","63","12","3","28","10.9","37","20","."
"51670","Hopewell City, VA",".",".",".",".",".",".",".",".",".",".",".","39","20","."
"51680","Lynchburg City, VA",".",".",".",".",".",".",".",".",".","31","13.1",".",".","."
"51710","Norfolk City, VA","1.5","0.8",".","12",".",".","70","17","5","27","11.4","37","20","."
"51760","Richmond City, VA","2","1.1","57","14",".",".","53","14","3",".",".",".",".","."
"51770","Roanoke City, VA","4","3.2",".",".",".",".",".",".",".","33","14.2","58","32","."
"51800","Suffolk City, VA",".",".",".",".","0.1","0.078",".",".",".",".",".",".",".","."
"51810","Virginia Beach City, VA",".",".",".",".",".",".",".",".",".","29","11.2",".",".","."
"51840","Winchester City, VA",".",".",".",".",".",".",".",".",".",".",".","45","20","."
"53005","Benton County, WA",".",".",".",".",".",".",".",".",".",".",".","89","19","."
"53009","Clallam County, WA",".",".",".",".","0.06","0.051",".",".",".",".",".",".",".","."
"53011","Clark County, WA",".",".",".",".","0.08","0.06",".",".",".",".",".",".",".","."
"53033","King County, WA","3.5","2.6",".",".","0.09","0.068",".",".",".","30","9.6","58","20","."
"53053","Pierce County, WA",".",".",".",".","0.08","0.064",".",".",".","45","9.7",".",".","."
"53057","Skagit County, WA",".",".",".","8","0.08","0.048",".",".",".",".",".",".",".","."
"53061","Snohomish County, WA",".",".",".",".",".",".",".",".",".","36","8.9",".",".","."
"53063","Spokane County, WA","4.6","2.9",".",".","0.07","0.064",".",".",".","28","9.6","79","24","."
"53067","Thurston County, WA",".",".",".",".","0.07","0.054",".",".",".",".",".",".",".","."
"53071","Walla Walla County, WA",".",".",".",".",".",".",".",".",".",".",".","112","21","."
"53077","Yakima County, WA",".",".",".",".",".",".",".",".",".",".",".","52","21","."
"54003","Berkeley County, WV",".",".",".",".","0.1","0.074",".",".",".","31","15.6",".",".","."
"54009","Brooke County, WV","3.2","2.4",".",".",".",".","169","44","10","50","19.2","84","25","."
"54011","Cabell County, WV",".",".",".",".","0.11","0.089","43","17","5","39","16.7",".",".","."
"54025","Greenbrier County, WV",".",".",".",".","0.09","0.075",".",".",".",".",".",".",".","."
"54029","Hancock County, WV","2.3","1.6",".",".","0.09","0.079","208","60","12","45","15.7","84","30","."
"54033","Harrison County, WV",".",".",".",".",".",".",".",".",".","32","14.1",".",".","."
"54039","Kanawha County, WV",".",".",".",".","0.1","0.082","96","31","9","37","16.5",".",".","."
"54049","Marion County, WV",".",".",".",".",".",".",".",".",".","34","15.3",".",".","."
"54051","Marshall County, WV",".",".",".",".",".",".","161","39","11","38","15",".",".","."
"54061","Monongalia County, WV",".",".",".",".","0.1","0.078","193","38","6","40","14.8",".",".","."
"54069","Ohio County, WV",".",".",".",".","0.1","0.08",".",".",".","37","15.2",".",".","."
"54081","Raleigh County, WV",".",".",".",".",".",".",".",".",".","29","13.2",".",".","."
"54099","Wayne County, WV",".",".",".",".",".",".","47","21","6",".",".",".",".","."
"54107","Wood County, WV",".",".",".",".","0.1","0.084","128","26","8","39","15.3",".",".","."
"55003","Ashland County, WI",".",".",".",".","0.07","0.066",".",".",".","20","6",".",".","."
"55009","Brown County, WI",".",".",".",".","0.1","0.082","77","14","2","33","11.4",".",".","."
"55021","Columbia County, WI",".",".",".",".","0.09","0.077",".",".",".",".",".",".",".","."
"55025","Dane County, WI",".",".",".",".","0.09","0.08",".",".",".","37","13.2",".",".","."
"55027","Dodge County, WI",".","0.5",".",".","0.09","0.074",".",".",".","30","11.5",".",".","."
"55029","Door County, WI",".",".",".",".","0.1","0.092",".",".",".",".",".",".",".","."
"55037","Florence County, WI",".",".",".",".","0.08","0.07",".",".",".",".",".",".",".","."
"55039","Fond du Lac County, WI",".",".",".",".","0.08","0.074",".",".",".",".",".",".",".","."
"55041","Forest County, WI",".",".",".",".","0.08","0.073",".",".",".","23","7.1",".",".","."
"55043","Grant County, WI",".",".",".",".",".",".",".",".",".","36","12.7",".",".","."
"55055","Jefferson County, WI",".",".",".",".","0.09","0.076",".",".",".",".",".",".",".","."
"55059","Kenosha County, WI",".",".",".",".","0.11","0.085",".",".",".","35","14.1",".",".","."
"55061","Kewaunee County, WI",".",".",".",".","0.1","0.085",".",".",".",".",".",".",".","."
"55063","La Crosse County, WI",".",".",".",".",".",".",".",".",".","34","12.1",".",".","."
"55071","Manitowoc County, WI",".",".",".",".","0.1","0.085",".",".",".","30","11.3",".",".","."
"55073","Marathon County, WI",".",".",".",".","0.08","0.072",".",".",".",".",".",".",".","."
"55079","Milwaukee County, WI","1.7","0.7","50","14","0.1","0.083",".",".",".","41","16.3","70","25","."
"55085","Oneida County, WI",".",".",".",".","0.08","0.071","226","84","7",".",".",".",".","."
"55087","Outagamie County, WI",".",".",".",".","0.09","0.075",".",".",".","31","11.2",".",".","."
"55089","Ozaukee County, WI",".",".",".",".","0.1","0.084",".",".",".","35","12.9",".",".","."
"55101","Racine County, WI",".",".",".",".","0.1","0.077",".",".",".",".",".",".",".","."
"55105","Rock County, WI",".",".",".",".","0.08","0.077",".",".",".",".",".",".",".","."
"55109","St. Croix County, WI",".",".",".",".","0.08","0.075",".",".",".","29","10.6",".",".","."
"55111","Sauk County, WI",".",".",".",".","0.09","0.07",".",".",".","28","11",".",".","."
"55117","Sheboygan County, WI",".",".",".",".","0.11","0.088",".",".",".",".",".",".",".","."
"55119","Taylor County, WI",".",".",".",".",".",".",".",".",".","28","8.3",".",".","."
"55123","Vernon County, WI",".",".",".",".","0.08","0.071",".",".",".",".",".",".",".","."
"55125","Vilas County, WI",".",".",".",".","0.08","0.073",".",".",".","20","6.9",".",".","."
"55127","Walworth County, WI",".",".",".",".","0.09","0.075",".",".",".",".",".",".",".","."
"55131","Washington County, WI",".",".",".",".","0.08","0.071",".",".",".",".",".",".",".","."
"55133","Waukesha County, WI",".",".",".",".","0.08","0.072",".",".",".","34","14.3","63","26","."
"56005","Campbell County, WY",".",".","11","4","0.09","0.072","61","20","3","19","6.6","189","37","."
"56009","Converse County, WY",".",".",".",".",".",".",".",".",".",".",".","105","38","."
"56013","Fremont County, WY",".",".",".",".","0.08",".",".",".",".",".",".",".",".","."
"56021","Laramie County, WY",".",".",".",".",".",".",".",".",".","9","4.3","25","13","."
"56023","Lincoln County, WY",".",".",".",".",".",".",".",".",".",".",".","25","9","."
"56033","Sheridan County, WY",".",".",".",".",".",".",".",".",".","27","9.6",".",".","."
"56035","Sublette County, WY",".",".","83","11","0.08","0.068",".",".",".","13","5.9","64","15","."
"56037","Sweetwater County, WY",".",".","45","7","0.08","0.066","8","2","1",".",".","199","26","."
"56039","Teton County, WY","0.9","0.5",".",".","0.07","0.065",".",".",".",".",".",".",".","."
"56041","Uinta County, WY","1.6","1.5","19","2","0.08","0.07","6","6","1",".",".","62","12","."
"56045","Weston County, WY",".",".",".",".",".",".","22","4","0",".",".",".",".","."
"72021","Bayamon Municipio, PR",".",".",".",".",".",".","12","4","1",".",".",".",".","."
"72033","Catano Municipio, PR",".",".",".",".","0.08","0.033","32","23","3",".",".","107","28","."
"72053","Fajardo Municipio, PR",".",".",".",".",".",".",".",".",".",".",".","105","26","."
"72057","Guayama Municipio, PR",".",".",".",".",".",".",".",".",".","17","6.5","80","30","."
"72059","Guayanilla Municipio, PR",".",".",".",".",".",".","25","4","1","14","6.3",".",".","."
"72061","Guaynabo Municipio, PR",".",".",".",".",".",".",".",".",".","16","7.4","111","39","."
"72113","Ponce Municipio, PR",".",".",".",".",".",".",".",".",".",".",".","80","38","."
"72127","San Juan Municipio, PR","4.1","3.2",".",".",".",".",".",".",".",".",".","111","36","."
"78010","St Croix, VI",".",".",".",".",".",".","34","15","2",".",".",".",".","."
